_time	_insert_time	created_timestamp	updated_timestamp	id	_id	aid	cid	cve	_tag	apps	status	_vendor	_product	_raw_log	_raw_json	host_info	_device_id	remediation	_collector_name	_collector_type	_reporting_device_ip	_reporting_device_name	_final_reporting_device_ip	_final_reporting_device_name
Jul 22 2026 12:05:59	Jul 22 2026 12:05:59	May 31 2026 02:21:28	Jul 20 2026 08:43:52	041c919b-5412-4e7b-9ebb-f5836ba96b3c	7yXdTlXypqIx3hzOROn47w==:2:742:957	0cd620c20ea2622b504867babf7b539b	abc123def456abc123def456abc123de	"{""actors"":[""Charming Kitten"",""Fancy Bear""],""base_score"":8.8,""cisa_info"":{""due_date"":"""",""is_cisa_kev"":false},""description"":""A vulnerability in a software component allows a remote attacker to execute arbitrary code by sending a specially crafted request. Successful exploitation could lead to full system compromise."",""exploit_status"":20,""exploitability_score"":8.8,""exprt_rating"":""LOW"",""id"":""CVE-2021-68215"",""impact_score"":1.4,""name"":""Remote Code Execution in Hines, Rodriguez and Smith Product"",""published_date"":""2026-03-28T19:33:30Z"",""remediation_level"":""T"",""severity"":""HIGH"",""spotlight_published_date"":""2026-02-13T15:35:26Z"",""vector"":""CVSS:3.1/AV:N/AC:L/PR:N/UI:N/S:U/C:H/I:H/A:H"",""vendor_advisory"":""https://vendor.example.com/security/advisories/CVE-2021-68215""}"		"[{""evaluation_logic"":{""id"":""1c339f87-f97e-4386-9869-6df55835dc43""},""product_name_version"":""nifB v3.4.2"",""remediation"":{""ids"":[""15da8f0d-7689-4bba-b2fb-21554f98caef""]},""sub_status"":""open""}]"	reopen	CrowdStrike	Falcon_Spotlight_Vulnerabilities			"{""groups"":[{""id"":""1c80317fa3b1799d"",""name"":""Executive Endpoints""},{""id"":""17fc695a07a0ca6e"",""name"":""Linux Servers""}],""hostname"":""BSNS-MAC-EMMA"",""instance_id"":""i-3301f2e0464d41a9a"",""local_ip"":""192.168.1.1"",""machine_domain"":""BUSINESS"",""os_build"":""22G120"",""os_version"":""macOS 13.6"",""ou"":""Cloud/AKS"",""platform"":""Mac"",""platform_name"":""Mac"",""product_type_desc"":""Server"",""service_provider"":""Azure"",""service_provider_account_id"":""706710405015"",""site_name"":""Default"",""system_manufacturer"":""Lenovo"",""tags"":[]}"		"{""entities"":[{""action"":""Patch"",""id"":""1e9ab91e-3b39-401e-9804-305be013e068"",""link"":""https://nvd.nist.gov/vuln/detail/CVE-2021-68215"",""reference"":""Update to patched version to mitigate CVE-2021-68215"",""title"":""Apply security patch""}]}"	CrowdstrikeFalcon_instance_1	CrowdstrikeFalcon	34.147.67.188	https://crowdstrike-simul-s36v5crh7q-ew.a.run.app	34.147.67.188	https://crowdstrike-simul-s36v5crh7q-ew.a.run.app
Jul 22 2026 12:05:59	Jul 22 2026 12:05:59	Jul 10 2026 09:07:18	Jul 20 2026 04:13:09	1ecf3540-1c97-41e2-b4db-a65d17adb980	PczRI30ohtOL8Bay5KgnTg==:4:742:957	3317347038f16a81787f2425dbccc477	abc123def456abc123def456abc123de	"{""actors"":[""APT28""],""base_score"":5.9,""cisa_info"":{""due_date"":"""",""is_cisa_kev"":false},""description"":""A vulnerability in a software component allows a remote attacker to execute arbitrary code by sending a specially crafted request. Successful exploitation could lead to full system compromise."",""exploit_status"":18,""exploitability_score"":1.8,""exprt_rating"":""LOW"",""id"":""CVE-2022-90070"",""impact_score"":9.3,""name"":""Remote Code Execution in Boone, Cobb and Pittman Product"",""published_date"":""2025-09-29T09:36:04Z"",""remediation_level"":""T"",""severity"":""MEDIUM"",""spotlight_published_date"":""2026-04-22T08:03:23Z"",""vector"":""CVSS:3.1/AV:L/AC:H/PR:L/UI:N/S:U/C:H/I:H/A:H"",""vendor_advisory"":""https://vendor.example.com/security/advisories/CVE-2022-90070""}"		"[{""evaluation_logic"":{""id"":""69ec031e-a142-43d6-841b-693130773f7d""},""product_name_version"":""xBmF v2.9.4"",""remediation"":{""ids"":[""33298848-7053-4624-a6aa-1f8e32665fee""]},""sub_status"":""open""}]"	open	CrowdStrike	Falcon_Spotlight_Vulnerabilities			"{""groups"":[{""id"":""1c80317fa3b1799d"",""name"":""Executive Endpoints""},{""id"":""17fc695a07a0ca6e"",""name"":""Linux Servers""}],""hostname"":""BSNS-WIN-DAVID"",""instance_id"":"""",""local_ip"":""192.168.1.4"",""machine_domain"":""BUSINESS"",""os_build"":""22G120"",""os_version"":""macOS 14.2"",""ou"":""Cloud/EKS"",""platform"":""Mac"",""platform_name"":""Mac"",""product_type_desc"":""Domain Controller"",""service_provider"":""On-Prem"",""service_provider_account_id"":"""",""site_name"":""Default"",""system_manufacturer"":""Lenovo"",""tags"":[]}"		"{""entities"":[{""action"":""Patch"",""id"":""a76bd428-099d-42e3-ad67-95e99a5503a6"",""link"":""https://nvd.nist.gov/vuln/detail/CVE-2022-90070"",""reference"":""Update to patched version to mitigate CVE-2022-90070"",""title"":""Apply security patch""}]}"	CrowdstrikeFalcon_instance_1	CrowdstrikeFalcon	34.147.67.188	https://crowdstrike-simul-s36v5crh7q-ew.a.run.app	34.147.67.188	https://crowdstrike-simul-s36v5crh7q-ew.a.run.app
Jul 22 2026 12:05:58	Jul 22 2026 12:05:58	Jun 18 2026 14:41:04	Jul 16 2026 15:36:54	73594414-dc89-4c5c-b33b-6524496028ec	YDiNFVPFM0+tMgdncWFjxw==:0:742:957	610faa3ff0bbac67aa38d0a16ba25efe	abc123def456abc123def456abc123de	"{""actors"":[""APT28""],""base_score"":5.6,""cisa_info"":{""due_date"":"""",""is_cisa_kev"":false},""description"":""A vulnerability in a software component allows a remote attacker to execute arbitrary code by sending a specially crafted request. Successful exploitation could lead to full system compromise."",""exploit_status"":0,""exploitability_score"":1.7,""exprt_rating"":""UNKNOWN"",""id"":""CVE-2023-8567"",""impact_score"":3.0,""name"":""Remote Code Execution in Turner PLC Product"",""published_date"":""2026-03-27T19:58:51Z"",""remediation_level"":""U"",""severity"":""LOW"",""spotlight_published_date"":""2026-04-07T19:33:28Z"",""vector"":""CVSS:3.1/AV:L/AC:H/PR:L/UI:N/S:U/C:H/I:H/A:H"",""vendor_advisory"":""https://vendor.example.com/security/advisories/CVE-2023-8567""}"		"[{""evaluation_logic"":{""id"":""a5894220-7cb0-451a-8552-24fe2989cee4""},""product_name_version"":""LMfj v6.6.2"",""remediation"":{""ids"":[""b44a3e69-23db-4425-ab11-0cc103b2ffcb""]},""sub_status"":""open""}]"	reopen	CrowdStrike	Falcon_Spotlight_Vulnerabilities			"{""groups"":[{""id"":""23b8c1e9392456de"",""name"":""Windows Workstations""}],""hostname"":""BSNS-MOB-FLORA"",""instance_id"":"""",""local_ip"":""192.168.1.10"",""machine_domain"":""BUSINESS"",""os_build"":""4.14.336-256.h539"",""os_version"":""Amazon Linux 2"",""ou"":""Corporate/Endpoints"",""platform"":""Linux"",""platform_name"":""Linux"",""product_type_desc"":""Server"",""service_provider"":""On-Prem"",""service_provider_account_id"":"""",""site_name"":""Default"",""system_manufacturer"":""Dell Inc."",""tags"":[]}"		"{""entities"":[{""action"":""Patch"",""id"":""e80671b2-f95d-42ec-bb86-e1591b4ef60b"",""link"":""https://nvd.nist.gov/vuln/detail/CVE-2023-8567"",""reference"":""Update to patched version to mitigate CVE-2023-8567"",""title"":""Apply security patch""}]}"	CrowdstrikeFalcon_instance_1	CrowdstrikeFalcon	34.147.67.188	https://crowdstrike-simul-s36v5crh7q-ew.a.run.app	34.147.67.188	https://crowdstrike-simul-s36v5crh7q-ew.a.run.app
Jul 22 2026 12:05:59	Jul 22 2026 12:05:59	Jul 15 2026 11:34:17	Jul 19 2026 00:41:50	2221a9e3-a397-4dab-aa75-834729cd8148	PczRI30ohtOL8Bay5KgnTg==:0:742:957	8cbfedb0f264accc79ac1b1ea8e56e0c	abc123def456abc123def456abc123de	"{""actors"":[""APT41""],""base_score"":7.2,""cisa_info"":{""due_date"":"""",""is_cisa_kev"":false},""description"":""A vulnerability in a software component allows a remote attacker to execute arbitrary code by sending a specially crafted request. Successful exploitation could lead to full system compromise."",""exploit_status"":36,""exploitability_score"":1.2,""exprt_rating"":""UNKNOWN"",""id"":""CVE-2023-83447"",""impact_score"":2.0,""name"":""Remote Code Execution in Mason-Gallegos Product"",""published_date"":""2026-04-03T07:37:15Z"",""remediation_level"":""W"",""severity"":""MEDIUM"",""spotlight_published_date"":""2026-03-21T18:48:39Z"",""vector"":""CVSS:3.1/AV:L/AC:H/PR:L/UI:N/S:U/C:H/I:H/A:H"",""vendor_advisory"":""https://vendor.example.com/security/advisories/CVE-2023-83447""}"		"[{""evaluation_logic"":{""id"":""fcfa5766-77be-433d-b70e-7e4d8a5d5d1a""},""product_name_version"":""exwC v6.4.0"",""remediation"":{""ids"":[""8d277d48-41f9-4b0a-86a9-c87e8203bc07""]},""sub_status"":""open""}]"	open	CrowdStrike	Falcon_Spotlight_Vulnerabilities			"{""groups"":[{""id"":""1c80317fa3b1799d"",""name"":""Executive Endpoints""},{""id"":""23b8c1e9392456de"",""name"":""Windows Workstations""},{""id"":""17fc695a07a0ca6e"",""name"":""Linux Servers""}],""hostname"":""BSNS-MAC-BOB"",""instance_id"":""i-a73a5696778b4ac6a"",""local_ip"":""192.168.1.4"",""machine_domain"":""BUSINESS"",""os_build"":""22G120"",""os_version"":""macOS 14.2"",""ou"":""Corporate/Servers"",""platform"":""Mac"",""platform_name"":""Mac"",""product_type_desc"":""Workstation"",""service_provider"":""Azure"",""service_provider_account_id"":""551621958390"",""site_name"":""Default"",""system_manufacturer"":""Dell Inc."",""tags"":[]}"		"{""entities"":[{""action"":""Patch"",""id"":""626245ff-5569-4ca4-9d4b-766636e64cdc"",""link"":""https://nvd.nist.gov/vuln/detail/CVE-2023-83447"",""reference"":""Update to patched version to mitigate CVE-2023-83447"",""title"":""Apply security patch""}]}"	CrowdstrikeFalcon_instance_1	CrowdstrikeFalcon	34.147.67.188	https://crowdstrike-simul-s36v5crh7q-ew.a.run.app	34.147.67.188	https://crowdstrike-simul-s36v5crh7q-ew.a.run.app
Jul 22 2026 12:05:59	Jul 22 2026 12:05:59	Jun 27 2026 20:07:42	Jul 18 2026 00:52:26	64c5e7fd-3a12-4c10-8b11-f6108c46f3bf	7yXdTlXypqIx3hzOROn47w==:1:742:957	fff9f5850d557b618a175dfebfc00dc8	abc123def456abc123def456abc123de	"{""actors"":[""Muddled Libra""],""base_score"":2.1,""cisa_info"":{""due_date"":""2026-07-31"",""is_cisa_kev"":true},""description"":""A vulnerability in a software component allows a remote attacker to execute arbitrary code by sending a specially crafted request. Successful exploitation could lead to full system compromise."",""exploit_status"":47,""exploitability_score"":3.1,""exprt_rating"":""CRITICAL"",""id"":""CVE-2019-32544"",""impact_score"":4.6,""name"":""Remote Code Execution in Cardenas, Brooks and Quinn Product"",""published_date"":""2026-01-03T14:13:19Z"",""remediation_level"":""T"",""severity"":""HIGH"",""spotlight_published_date"":""2026-07-16T03:54:17Z"",""vector"":""CVSS:3.1/AV:N/AC:L/PR:N/UI:N/S:U/C:H/I:H/A:H"",""vendor_advisory"":""https://vendor.example.com/security/advisories/CVE-2019-32544""}"		"[{""evaluation_logic"":{""id"":""f610a794-378d-4733-8bd0-f058ae0f4cdc""},""product_name_version"":""qORE v7.9.6"",""remediation"":{""ids"":[""dfba5de4-01b7-4c74-a6f6-1701bbdad493""]},""sub_status"":""open""}]"	open	CrowdStrike	Falcon_Spotlight_Vulnerabilities			"{""groups"":[{""id"":""1c80317fa3b1799d"",""name"":""Executive Endpoints""},{""id"":""8b9d2434e465e150"",""name"":""Engineering""},{""id"":""8fadc1a606cb0fb3"",""name"":""Executive Endpoints""}],""hostname"":""BSNS-WIN-CHARLIE"",""instance_id"":""i-f8122d8793be4baeb"",""local_ip"":""192.168.1.1"",""machine_domain"":""BUSINESS"",""os_build"":""22000"",""os_version"":""Windows 10"",""ou"":""Cloud/EKS"",""platform"":""Windows"",""platform_name"":""Windows"",""product_type_desc"":""Workstation"",""service_provider"":""AWS_EC2_V2"",""service_provider_account_id"":""650357691607"",""site_name"":""Default"",""system_manufacturer"":""Lenovo"",""tags"":[]}"		"{""entities"":[{""action"":""Patch"",""id"":""c1306b84-3616-4923-844c-d7da6054887a"",""link"":""https://nvd.nist.gov/vuln/detail/CVE-2019-32544"",""reference"":""Update to patched version to mitigate CVE-2019-32544"",""title"":""Apply security patch""}]}"	CrowdstrikeFalcon_instance_1	CrowdstrikeFalcon	34.147.67.188	https://crowdstrike-simul-s36v5crh7q-ew.a.run.app	34.147.67.188	https://crowdstrike-simul-s36v5crh7q-ew.a.run.app
Jul 22 2026 12:05:59	Jul 22 2026 12:05:59	Jun 04 2026 10:02:01	Jul 20 2026 03:19:47	de73be5a-ccc9-4dc0-8ef7-b1dc7c5e0388	7yXdTlXypqIx3hzOROn47w==:4:742:957	0e51f30dc6a7ee39c4b032ccd7c524a5	abc123def456abc123def456abc123de	"{""actors"":[""Wizard Spider"",""APT41""],""base_score"":9.1,""cisa_info"":{""due_date"":"""",""is_cisa_kev"":false},""description"":""A vulnerability in a software component allows a remote attacker to execute arbitrary code by sending a specially crafted request. Successful exploitation could lead to full system compromise."",""exploit_status"":8,""exploitability_score"":5.4,""exprt_rating"":""MEDIUM"",""id"":""CVE-2024-74339"",""impact_score"":3.7,""name"":""Remote Code Execution in Smith, Gallagher and Ewing Product"",""published_date"":""2026-04-05T13:22:41Z"",""remediation_level"":""O"",""severity"":""HIGH"",""spotlight_published_date"":""2026-06-14T07:40:20Z"",""vector"":""CVSS:3.1/AV:N/AC:L/PR:N/UI:N/S:U/C:H/I:H/A:H"",""vendor_advisory"":""https://vendor.example.com/security/advisories/CVE-2024-74339""}"		"[{""evaluation_logic"":{""id"":""b2ab3341-d908-4c09-9ecb-3eb6678ea5dd""},""product_name_version"":""IvZI v7.8.4"",""remediation"":{""ids"":[""0358e0cf-800e-4120-ba54-bfc962f675ab""]},""sub_status"":""open""}]"	open	CrowdStrike	Falcon_Spotlight_Vulnerabilities			"{""groups"":[{""id"":""1c80317fa3b1799d"",""name"":""Executive Endpoints""},{""id"":""23b8c1e9392456de"",""name"":""Windows Workstations""}],""hostname"":""BSNS-MAC-BOB"",""instance_id"":"""",""local_ip"":""192.168.1.7"",""machine_domain"":""BUSINESS"",""os_build"":""22000"",""os_version"":""Windows Server 2019"",""ou"":""Cloud/AKS"",""platform"":""Windows"",""platform_name"":""Windows"",""product_type_desc"":""Domain Controller"",""service_provider"":""On-Prem"",""service_provider_account_id"":"""",""site_name"":""Default"",""system_manufacturer"":""Dell Inc."",""tags"":[]}"		"{""entities"":[{""action"":""Patch"",""id"":""89b18781-4931-4352-b058-1b6bbdabdc0d"",""link"":""https://nvd.nist.gov/vuln/detail/CVE-2024-74339"",""reference"":""Update to patched version to mitigate CVE-2024-74339"",""title"":""Apply security patch""}]}"	CrowdstrikeFalcon_instance_1	CrowdstrikeFalcon	34.147.67.188	https://crowdstrike-simul-s36v5crh7q-ew.a.run.app	34.147.67.188	https://crowdstrike-simul-s36v5crh7q-ew.a.run.app
Jul 22 2026 12:06:00	Jul 22 2026 12:06:00	Jul 08 2026 01:01:00	Jul 21 2026 14:57:49	309ae9c7-094c-4d9e-938c-0211e81702a1	EBYQhpVcqmCD7RV5v4GDfg==:4:742:957	82ec9f2dfbf6e16f9b3080d56fb78271	abc123def456abc123def456abc123de	"{""actors"":[""APT28""],""base_score"":7.3,""cisa_info"":{""due_date"":"""",""is_cisa_kev"":false},""description"":""A vulnerability in a software component allows a remote attacker to execute arbitrary code by sending a specially crafted request. Successful exploitation could lead to full system compromise."",""exploit_status"":36,""exploitability_score"":6.0,""exprt_rating"":""NONE"",""id"":""CVE-2020-35664"",""impact_score"":2.8,""name"":""Remote Code Execution in Dalton Inc Product"",""published_date"":""2025-07-30T14:22:57Z"",""remediation_level"":""O"",""severity"":""NONE"",""spotlight_published_date"":""2026-04-14T20:05:39Z"",""vector"":""CVSS:3.1/AV:L/AC:H/PR:L/UI:N/S:U/C:H/I:H/A:H"",""vendor_advisory"":""https://vendor.example.com/security/advisories/CVE-2020-35664""}"		"[{""evaluation_logic"":{""id"":""33419186-af7f-469d-9b57-361c5e54881d""},""product_name_version"":""ODTO v6.2.5"",""remediation"":{""ids"":[""5457a5b5-e512-404a-9d2c-264f6b9fe89b""]},""sub_status"":""open""}]"	open	CrowdStrike	Falcon_Spotlight_Vulnerabilities			"{""groups"":[{""id"":""1c80317fa3b1799d"",""name"":""Executive Endpoints""},{""id"":""8b9d2434e465e150"",""name"":""Engineering""},{""id"":""8fadc1a606cb0fb3"",""name"":""Executive Endpoints""}],""hostname"":""BSNS-WIN-ALICE"",""instance_id"":"""",""local_ip"":""192.168.1.5"",""machine_domain"":""BUSINESS"",""os_build"":""23B92"",""os_version"":""macOS 13.6"",""ou"":""Cloud/AKS"",""platform"":""Mac"",""platform_name"":""Mac"",""product_type_desc"":""Domain Controller"",""service_provider"":""On-Prem"",""service_provider_account_id"":"""",""site_name"":""Default"",""system_manufacturer"":""HP Inc."",""tags"":[]}"		"{""entities"":[{""action"":""Patch"",""id"":""8492a7a4-036a-4f8b-8ffc-eb35ba90e958"",""link"":""https://nvd.nist.gov/vuln/detail/CVE-2020-35664"",""reference"":""Update to patched version to mitigate CVE-2020-35664"",""title"":""Apply security patch""}]}"	CrowdstrikeFalcon_instance_1	CrowdstrikeFalcon	34.147.67.188	https://crowdstrike-simul-s36v5crh7q-ew.a.run.app	34.147.67.188	https://crowdstrike-simul-s36v5crh7q-ew.a.run.app
Jul 22 2026 12:05:59	Jul 22 2026 12:05:59	Jun 03 2026 01:17:45	Jul 22 2026 05:05:07	90728098-88c1-4b5e-9c90-a31cc84f247c	gThCbk3AaiW48aBG6Q/MvQ==:0:742:957	b4d7e28e271e3ee2b1a6b1f1620e99d3	abc123def456abc123def456abc123de	"{""actors"":[""Silent Ram"",""Charming Kitten""],""base_score"":7.7,""cisa_info"":{""due_date"":"""",""is_cisa_kev"":false},""description"":""A vulnerability in a software component allows a remote attacker to execute arbitrary code by sending a specially crafted request. Successful exploitation could lead to full system compromise."",""exploit_status"":17,""exploitability_score"":9.5,""exprt_rating"":""NONE"",""id"":""CVE-2021-89587"",""impact_score"":3.7,""name"":""Remote Code Execution in Hernandez-Harris Product"",""published_date"":""2025-08-20T16:03:38Z"",""remediation_level"":""W"",""severity"":""NONE"",""spotlight_published_date"":""2026-04-03T08:28:13Z"",""vector"":""CVSS:3.1/AV:L/AC:H/PR:L/UI:N/S:U/C:H/I:H/A:H"",""vendor_advisory"":""https://vendor.example.com/security/advisories/CVE-2021-89587""}"		"[{""evaluation_logic"":{""id"":""e8874147-f4e1-4e86-a847-79a3a5d5853a""},""product_name_version"":""rhSj v1.1.2"",""remediation"":{""ids"":[""f89f5a59-70bf-4d22-960a-fd4cd0ff2349""]},""sub_status"":""open""}]"	open	CrowdStrike	Falcon_Spotlight_Vulnerabilities			"{""groups"":[],""hostname"":""BSNS-MAC-BOB"",""instance_id"":""i-be6a2339e3bd4bea9"",""local_ip"":""192.168.1.7"",""machine_domain"":""BUSINESS"",""os_build"":""22631"",""os_version"":""Windows Server 2022"",""ou"":""Cloud/AKS"",""platform"":""Windows"",""platform_name"":""Windows"",""product_type_desc"":""Server"",""service_provider"":""Azure"",""service_provider_account_id"":""330660793161"",""site_name"":""Default"",""system_manufacturer"":""VMware, Inc."",""tags"":[]}"		"{""entities"":[{""action"":""Patch"",""id"":""7f4ba00c-3f2a-4f69-9cb4-f679dbd0ff75"",""link"":""https://nvd.nist.gov/vuln/detail/CVE-2021-89587"",""reference"":""Update to patched version to mitigate CVE-2021-89587"",""title"":""Apply security patch""}]}"	CrowdstrikeFalcon_instance_1	CrowdstrikeFalcon	34.147.67.188	https://crowdstrike-simul-s36v5crh7q-ew.a.run.app	34.147.67.188	https://crowdstrike-simul-s36v5crh7q-ew.a.run.app
Jul 22 2026 12:05:59	Jul 22 2026 12:05:59	Jun 08 2026 05:37:50	Jul 20 2026 09:01:09	11042b91-395b-42ea-95c7-47d371dfd02d	7yXdTlXypqIx3hzOROn47w==:5:742:957	8cbfedb0f264accc79ac1b1ea8e56e0c	abc123def456abc123def456abc123de	"{""actors"":[""Cozy Bear"",""Fancy Bear""],""base_score"":0.4,""cisa_info"":{""due_date"":"""",""is_cisa_kev"":false},""description"":""A vulnerability in a software component allows a remote attacker to execute arbitrary code by sending a specially crafted request. Successful exploitation could lead to full system compromise."",""exploit_status"":0,""exploitability_score"":5.6,""exprt_rating"":""CRITICAL"",""id"":""CVE-2024-81304"",""impact_score"":3.3,""name"":""Remote Code Execution in Davis, Freeman and Vazquez Product"",""published_date"":""2026-01-28T17:12:55Z"",""remediation_level"":""T"",""severity"":""HIGH"",""spotlight_published_date"":""2026-07-03T18:33:18Z"",""vector"":""CVSS:3.1/AV:L/AC:H/PR:L/UI:N/S:U/C:H/I:H/A:H"",""vendor_advisory"":""https://vendor.example.com/security/advisories/CVE-2024-81304""}"		"[{""evaluation_logic"":{""id"":""cb03551b-4e52-4ae1-a02d-fe33252f9171""},""product_name_version"":""yKyu v9.0.5"",""remediation"":{""ids"":[""e6f4bbfb-aeeb-48c0-8651-4823a6c4e133""]},""sub_status"":""open""}]"	open	CrowdStrike	Falcon_Spotlight_Vulnerabilities			"{""groups"":[{""id"":""1c80317fa3b1799d"",""name"":""Executive Endpoints""},{""id"":""23b8c1e9392456de"",""name"":""Windows Workstations""},{""id"":""17fc695a07a0ca6e"",""name"":""Linux Servers""}],""hostname"":""BSNS-MAC-BOB"",""instance_id"":"""",""local_ip"":""192.168.1.4"",""machine_domain"":""BUSINESS"",""os_build"":""22G120"",""os_version"":""macOS 14.2"",""ou"":""Cloud/EKS"",""platform"":""Mac"",""platform_name"":""Mac"",""product_type_desc"":""Workstation"",""service_provider"":""On-Prem"",""service_provider_account_id"":"""",""site_name"":""Default"",""system_manufacturer"":""Dell Inc."",""tags"":[]}"		"{""entities"":[{""action"":""Patch"",""id"":""cf78571c-c8c3-45f5-9076-8cce0a89106b"",""link"":""https://nvd.nist.gov/vuln/detail/CVE-2024-81304"",""reference"":""Update to patched version to mitigate CVE-2024-81304"",""title"":""Apply security patch""}]}"	CrowdstrikeFalcon_instance_1	CrowdstrikeFalcon	34.147.67.188	https://crowdstrike-simul-s36v5crh7q-ew.a.run.app	34.147.67.188	https://crowdstrike-simul-s36v5crh7q-ew.a.run.app
Jul 22 2026 12:05:57	Jul 22 2026 12:05:57	May 23 2026 18:13:41	Jul 20 2026 13:57:25	d9aac594-75d6-45a9-aed2-d4c4cb0811c6	ov7lg19d/Nm2MLRNmQhZOg==:2:742:957	b4d7e28e271e3ee2b1a6b1f1620e99d3	abc123def456abc123def456abc123de	"{""actors"":[""Wizard Spider""],""base_score"":0.1,""cisa_info"":{""due_date"":"""",""is_cisa_kev"":false},""description"":""A vulnerability in a software component allows a remote attacker to execute arbitrary code by sending a specially crafted request. Successful exploitation could lead to full system compromise."",""exploit_status"":32,""exploitability_score"":8.3,""exprt_rating"":""UNKNOWN"",""id"":""CVE-2023-54914"",""impact_score"":7.1,""name"":""Remote Code Execution in Nunez-Rodriguez Product"",""published_date"":""2025-09-17T23:09:25Z"",""remediation_level"":""T"",""severity"":""UNKNOWN"",""spotlight_published_date"":""2026-06-07T09:21:32Z"",""vector"":""CVSS:3.1/AV:N/AC:L/PR:N/UI:N/S:U/C:H/I:H/A:H"",""vendor_advisory"":""https://vendor.example.com/security/advisories/CVE-2023-54914""}"		"[{""evaluation_logic"":{""id"":""5ec9fa87-cad4-42e7-8d13-7134ea2d8282""},""product_name_version"":""xSLl v3.8.7"",""remediation"":{""ids"":[""529d25d8-39f1-446f-b42f-c3d59cef6706""]},""sub_status"":""open""}]"	open	CrowdStrike	Falcon_Spotlight_Vulnerabilities			"{""groups"":[],""hostname"":""BSNS-MAC-BOB"",""instance_id"":""i-a2b78dc16f194c0db"",""local_ip"":""192.168.1.7"",""machine_domain"":""BUSINESS"",""os_build"":""22631"",""os_version"":""Windows Server 2022"",""ou"":""Corporate/Servers"",""platform"":""Windows"",""platform_name"":""Windows"",""product_type_desc"":""Server"",""service_provider"":""Google_Cloud_Compute_Engine"",""service_provider_account_id"":""207022204868"",""site_name"":""Default"",""system_manufacturer"":""VMware, Inc."",""tags"":[]}"		"{""entities"":[{""action"":""Patch"",""id"":""99ffe231-2d6d-473b-bb18-89826c72bafd"",""link"":""https://nvd.nist.gov/vuln/detail/CVE-2023-54914"",""reference"":""Update to patched version to mitigate CVE-2023-54914"",""title"":""Apply security patch""}]}"	CrowdstrikeFalcon_instance_1	CrowdstrikeFalcon	34.147.67.188	https://crowdstrike-simul-s36v5crh7q-ew.a.run.app	34.147.67.188	https://crowdstrike-simul-s36v5crh7q-ew.a.run.app
Jul 22 2026 12:05:59	Jul 22 2026 12:05:59	May 28 2026 12:22:32	Jul 20 2026 07:40:51	33f9ded1-39d7-4d78-8b2e-b8e3e328514f	kgQ5vvzcEYLbGNiAZKuhzg==:4:742:957	addc3e13ab3b4d37560c95ee638c254c	abc123def456abc123def456abc123de	"{""actors"":[""Cozy Bear"",""Wizard Spider""],""base_score"":5.1,""cisa_info"":{""due_date"":"""",""is_cisa_kev"":false},""description"":""A vulnerability in a software component allows a remote attacker to execute arbitrary code by sending a specially crafted request. Successful exploitation could lead to full system compromise."",""exploit_status"":44,""exploitability_score"":9.2,""exprt_rating"":""NONE"",""id"":""CVE-2022-71040"",""impact_score"":6.3,""name"":""Remote Code Execution in Murray Group Product"",""published_date"":""2025-10-09T00:27:35Z"",""remediation_level"":""O"",""severity"":""CRITICAL"",""spotlight_published_date"":""2026-03-20T06:52:40Z"",""vector"":""CVSS:3.1/AV:N/AC:L/PR:N/UI:N/S:U/C:H/I:H/A:H"",""vendor_advisory"":""https://vendor.example.com/security/advisories/CVE-2022-71040""}"		"[{""evaluation_logic"":{""id"":""622fc0ca-bffc-4110-bd23-b91d14c2cb60""},""product_name_version"":""kbIu v4.1.5"",""remediation"":{""ids"":[""48537846-a9cf-4ea6-bdcc-8ddc8c72d1c7""]},""sub_status"":""open""}]"	reopen	CrowdStrike	Falcon_Spotlight_Vulnerabilities			"{""groups"":[{""id"":""23b8c1e9392456de"",""name"":""Windows Workstations""},{""id"":""17fc695a07a0ca6e"",""name"":""Linux Servers""},{""id"":""8fadc1a606cb0fb3"",""name"":""Executive Endpoints""}],""hostname"":""BSNS-WIN-DAVID"",""instance_id"":""i-22bb4c5e507b40daa"",""local_ip"":""192.168.1.8"",""machine_domain"":""BUSINESS"",""os_build"":""6.1.0-15-amd64"",""os_version"":""Amazon Linux 2"",""ou"":""Cloud/EKS"",""platform"":""Linux"",""platform_name"":""Linux"",""product_type_desc"":""Server"",""service_provider"":""AWS_EC2_V2"",""service_provider_account_id"":""832968817887"",""site_name"":""Default"",""system_manufacturer"":""VMware, Inc."",""tags"":[]}"		"{""entities"":[{""action"":""Patch"",""id"":""6ff99f9e-48d1-4349-b55d-3cf730b9302d"",""link"":""https://nvd.nist.gov/vuln/detail/CVE-2022-71040"",""reference"":""Update to patched version to mitigate CVE-2022-71040"",""title"":""Apply security patch""}]}"	CrowdstrikeFalcon_instance_1	CrowdstrikeFalcon	34.147.67.188	https://crowdstrike-simul-s36v5crh7q-ew.a.run.app	34.147.67.188	https://crowdstrike-simul-s36v5crh7q-ew.a.run.app
Jul 22 2026 12:06:00	Jul 22 2026 12:06:00	Jun 07 2026 03:01:39	Jul 18 2026 13:03:07	0928511e-c025-4262-bdde-591776ecf072	EBYQhpVcqmCD7RV5v4GDfg==:1:742:957	fff9f5850d557b618a175dfebfc00dc8	abc123def456abc123def456abc123de	"{""actors"":[""Cozy Bear""],""base_score"":8.6,""cisa_info"":{""due_date"":"""",""is_cisa_kev"":false},""description"":""A vulnerability in a software component allows a remote attacker to execute arbitrary code by sending a specially crafted request. Successful exploitation could lead to full system compromise."",""exploit_status"":32,""exploitability_score"":3.2,""exprt_rating"":""NONE"",""id"":""CVE-2020-41970"",""impact_score"":2.0,""name"":""Remote Code Execution in Esparza Ltd Product"",""published_date"":""2025-12-12T20:06:20Z"",""remediation_level"":""O"",""severity"":""HIGH"",""spotlight_published_date"":""2026-06-28T14:46:52Z"",""vector"":""CVSS:3.1/AV:L/AC:H/PR:L/UI:N/S:U/C:H/I:H/A:H"",""vendor_advisory"":""https://vendor.example.com/security/advisories/CVE-2020-41970""}"		"[{""evaluation_logic"":{""id"":""9e997514-0b7f-41e8-8a84-4ea49ffb39ac""},""product_name_version"":""KaAc v3.9.2"",""remediation"":{""ids"":[""fb05076e-e073-45f4-b768-bfc5d25c1a65""]},""sub_status"":""open""}]"	reopen	CrowdStrike	Falcon_Spotlight_Vulnerabilities			"{""groups"":[{""id"":""1c80317fa3b1799d"",""name"":""Executive Endpoints""},{""id"":""8b9d2434e465e150"",""name"":""Engineering""},{""id"":""8fadc1a606cb0fb3"",""name"":""Executive Endpoints""}],""hostname"":""BSNS-WIN-CHARLIE"",""instance_id"":""i-0e0fdb6108924ca59"",""local_ip"":""192.168.1.1"",""machine_domain"":""BUSINESS"",""os_build"":""22000"",""os_version"":""Windows 10"",""ou"":""Corporate/Servers"",""platform"":""Windows"",""platform_name"":""Windows"",""product_type_desc"":""Workstation"",""service_provider"":""Azure"",""service_provider_account_id"":""372513939821"",""site_name"":""Default"",""system_manufacturer"":""Lenovo"",""tags"":[]}"		"{""entities"":[{""action"":""Patch"",""id"":""d3dea338-91ac-40c5-ba70-d3a39292623a"",""link"":""https://nvd.nist.gov/vuln/detail/CVE-2020-41970"",""reference"":""Update to patched version to mitigate CVE-2020-41970"",""title"":""Apply security patch""}]}"	CrowdstrikeFalcon_instance_1	CrowdstrikeFalcon	34.147.67.188	https://crowdstrike-simul-s36v5crh7q-ew.a.run.app	34.147.67.188	https://crowdstrike-simul-s36v5crh7q-ew.a.run.app
Jul 22 2026 12:05:59	Jul 22 2026 12:05:59	Jun 17 2026 12:36:44	Jul 19 2026 02:29:33	1b5e5917-21a3-4a04-ad07-da5e5d1acdbc	kgQ5vvzcEYLbGNiAZKuhzg==:2:742:957	3ff350bf766ecb15474ebc192ef91276	abc123def456abc123def456abc123de	"{""actors"":[""Cozy Bear""],""base_score"":5.3,""cisa_info"":{""due_date"":"""",""is_cisa_kev"":false},""description"":""A vulnerability in a software component allows a remote attacker to execute arbitrary code by sending a specially crafted request. Successful exploitation could lead to full system compromise."",""exploit_status"":25,""exploitability_score"":9.9,""exprt_rating"":""LOW"",""id"":""CVE-2020-82235"",""impact_score"":6.1,""name"":""Remote Code Execution in Simpson LLC Product"",""published_date"":""2026-04-28T01:25:30Z"",""remediation_level"":""T"",""severity"":""CRITICAL"",""spotlight_published_date"":""2026-07-18T01:46:04Z"",""vector"":""CVSS:3.1/AV:L/AC:H/PR:L/UI:N/S:U/C:H/I:H/A:H"",""vendor_advisory"":""https://vendor.example.com/security/advisories/CVE-2020-82235""}"		"[{""evaluation_logic"":{""id"":""cc05916a-7eea-420d-bac9-d2520cc908c2""},""product_name_version"":""hDhH v6.1.5"",""remediation"":{""ids"":[""2ee5652b-ab54-4f16-afec-0ae7a1b4c065""]},""sub_status"":""open""}]"	reopen	CrowdStrike	Falcon_Spotlight_Vulnerabilities			"{""groups"":[{""id"":""1c80317fa3b1799d"",""name"":""Executive Endpoints""},{""id"":""8b9d2434e465e150"",""name"":""Engineering""}],""hostname"":""BSNS-WIN-ALICE"",""instance_id"":""i-e7418f096dcd4b638"",""local_ip"":""192.168.1.1"",""machine_domain"":""BUSINESS"",""os_build"":""22G120"",""os_version"":""macOS 13.6"",""ou"":""Corporate/Endpoints"",""platform"":""Mac"",""platform_name"":""Mac"",""product_type_desc"":""Server"",""service_provider"":""AWS_EC2_V2"",""service_provider_account_id"":""189540907419"",""site_name"":""Default"",""system_manufacturer"":""Dell Inc."",""tags"":[]}"		"{""entities"":[{""action"":""Patch"",""id"":""34b2f9de-4f75-48a9-85ce-dd9459bdac32"",""link"":""https://nvd.nist.gov/vuln/detail/CVE-2020-82235"",""reference"":""Update to patched version to mitigate CVE-2020-82235"",""title"":""Apply security patch""}]}"	CrowdstrikeFalcon_instance_1	CrowdstrikeFalcon	34.147.67.188	https://crowdstrike-simul-s36v5crh7q-ew.a.run.app	34.147.67.188	https://crowdstrike-simul-s36v5crh7q-ew.a.run.app
Jul 22 2026 12:05:59	Jul 22 2026 12:05:59	Jul 11 2026 07:27:15	Jul 18 2026 18:04:37	a43e06b6-5af0-42a2-ab1b-eb8d45e0e490	PczRI30ohtOL8Bay5KgnTg==:5:742:957	82ec9f2dfbf6e16f9b3080d56fb78271	abc123def456abc123def456abc123de	"{""actors"":[""APT41"",""Wizard Spider""],""base_score"":6.4,""cisa_info"":{""due_date"":"""",""is_cisa_kev"":false},""description"":""A vulnerability in a software component allows a remote attacker to execute arbitrary code by sending a specially crafted request. Successful exploitation could lead to full system compromise."",""exploit_status"":18,""exploitability_score"":8.6,""exprt_rating"":""HIGH"",""id"":""CVE-2020-64788"",""impact_score"":2.7,""name"":""Remote Code Execution in Taylor-Green Product"",""published_date"":""2025-09-24T17:06:11Z"",""remediation_level"":""O"",""severity"":""MEDIUM"",""spotlight_published_date"":""2026-03-08T09:08:18Z"",""vector"":""CVSS:3.1/AV:L/AC:H/PR:L/UI:N/S:U/C:H/I:H/A:H"",""vendor_advisory"":""https://vendor.example.com/security/advisories/CVE-2020-64788""}"		"[{""evaluation_logic"":{""id"":""b5fd4a5d-7a82-4122-ad45-ee9b3b291de5""},""product_name_version"":""Pcmk v8.6.6"",""remediation"":{""ids"":[""24e1264a-f092-45a5-ae03-c36ca9d4c425""]},""sub_status"":""open""}]"	reopen	CrowdStrike	Falcon_Spotlight_Vulnerabilities			"{""groups"":[{""id"":""1c80317fa3b1799d"",""name"":""Executive Endpoints""},{""id"":""8b9d2434e465e150"",""name"":""Engineering""},{""id"":""8fadc1a606cb0fb3"",""name"":""Executive Endpoints""}],""hostname"":""BSNS-WIN-ALICE"",""instance_id"":""i-5af34115bd244ceeb"",""local_ip"":""192.168.1.5"",""machine_domain"":""BUSINESS"",""os_build"":""23B92"",""os_version"":""macOS 13.6"",""ou"":""Cloud/AKS"",""platform"":""Mac"",""platform_name"":""Mac"",""product_type_desc"":""Domain Controller"",""service_provider"":""Azure"",""service_provider_account_id"":""112678064653"",""site_name"":""Default"",""system_manufacturer"":""HP Inc."",""tags"":[]}"		"{""entities"":[{""action"":""Patch"",""id"":""dc2feac2-1829-42da-813a-134585d5a2bf"",""link"":""https://nvd.nist.gov/vuln/detail/CVE-2020-64788"",""reference"":""Update to patched version to mitigate CVE-2020-64788"",""title"":""Apply security patch""}]}"	CrowdstrikeFalcon_instance_1	CrowdstrikeFalcon	34.147.67.188	https://crowdstrike-simul-s36v5crh7q-ew.a.run.app	34.147.67.188	https://crowdstrike-simul-s36v5crh7q-ew.a.run.app
Jul 22 2026 12:05:59	Jul 22 2026 12:05:59	Jul 02 2026 22:41:11	Jul 20 2026 07:44:26	fd4071de-f2f7-4296-97b1-aafcb74774b3	gThCbk3AaiW48aBG6Q/MvQ==:3:742:957	d777a4774c66e0a8a013ac6ededa4e16	abc123def456abc123def456abc123de	"{""actors"":[""Wizard Spider"",""APT41""],""base_score"":5.6,""cisa_info"":{""due_date"":"""",""is_cisa_kev"":false},""description"":""A vulnerability in a software component allows a remote attacker to execute arbitrary code by sending a specially crafted request. Successful exploitation could lead to full system compromise."",""exploit_status"":16,""exploitability_score"":1.7,""exprt_rating"":""HIGH"",""id"":""CVE-2022-8552"",""impact_score"":4.0,""name"":""Remote Code Execution in Campbell, Maxwell and Jenkins Product"",""published_date"":""2026-03-08T21:14:03Z"",""remediation_level"":""U"",""severity"":""NONE"",""spotlight_published_date"":""2026-03-18T07:30:17Z"",""vector"":""CVSS:3.1/AV:L/AC:H/PR:L/UI:N/S:U/C:H/I:H/A:H"",""vendor_advisory"":""https://vendor.example.com/security/advisories/CVE-2022-8552""}"		"[{""evaluation_logic"":{""id"":""afa44e41-e421-400f-b782-a64cbd012d1b""},""product_name_version"":""wjai v1.8.9"",""remediation"":{""ids"":[""da2653c1-52b4-490e-a216-0bbeff86f854""]},""sub_status"":""open""}]"	open	CrowdStrike	Falcon_Spotlight_Vulnerabilities			"{""groups"":[{""id"":""1c80317fa3b1799d"",""name"":""Executive Endpoints""},{""id"":""23b8c1e9392456de"",""name"":""Windows Workstations""},{""id"":""8b9d2434e465e150"",""name"":""Engineering""}],""hostname"":""BSNS-MOB-FLORA"",""instance_id"":"""",""local_ip"":""192.168.1.4"",""machine_domain"":""BUSINESS"",""os_build"":""5.15.0-88-generic"",""os_version"":""Ubuntu 22.04"",""ou"":""Corporate/Endpoints"",""platform"":""Linux"",""platform_name"":""Linux"",""product_type_desc"":""Server"",""service_provider"":""On-Prem"",""service_provider_account_id"":"""",""site_name"":""Default"",""system_manufacturer"":""HP Inc."",""tags"":[]}"		"{""entities"":[{""action"":""Patch"",""id"":""5a71b542-9b42-4a73-bc8a-cf64ff32af55"",""link"":""https://nvd.nist.gov/vuln/detail/CVE-2022-8552"",""reference"":""Update to patched version to mitigate CVE-2022-8552"",""title"":""Apply security patch""}]}"	CrowdstrikeFalcon_instance_1	CrowdstrikeFalcon	34.147.67.188	https://crowdstrike-simul-s36v5crh7q-ew.a.run.app	34.147.67.188	https://crowdstrike-simul-s36v5crh7q-ew.a.run.app
Jul 22 2026 12:05:58	Jul 22 2026 12:05:58	May 31 2026 23:06:24	Jul 18 2026 07:24:11	d85e4f64-d936-46d0-b7e1-50705e9905c9	YDiNFVPFM0+tMgdncWFjxw==:1:742:957	addc3e13ab3b4d37560c95ee638c254c	abc123def456abc123def456abc123de	"{""actors"":[""APT41"",""APT29""],""base_score"":9.0,""cisa_info"":{""due_date"":"""",""is_cisa_kev"":false},""description"":""A vulnerability in a software component allows a remote attacker to execute arbitrary code by sending a specially crafted request. Successful exploitation could lead to full system compromise."",""exploit_status"":6,""exploitability_score"":1.7,""exprt_rating"":""LOW"",""id"":""CVE-2022-89740"",""impact_score"":3.1,""name"":""Remote Code Execution in Larson Group Product"",""published_date"":""2026-02-28T00:49:34Z"",""remediation_level"":""U"",""severity"":""LOW"",""spotlight_published_date"":""2026-02-07T15:17:01Z"",""vector"":""CVSS:3.1/AV:L/AC:H/PR:L/UI:N/S:U/C:H/I:H/A:H"",""vendor_advisory"":""https://vendor.example.com/security/advisories/CVE-2022-89740""}"		"[{""evaluation_logic"":{""id"":""a5ea119b-647b-4ed1-ab4c-dd737d8d5ced""},""product_name_version"":""exmv v9.1.2"",""remediation"":{""ids"":[""e68da1cb-30a7-4943-b345-488abd83ef20""]},""sub_status"":""open""}]"	open	CrowdStrike	Falcon_Spotlight_Vulnerabilities			"{""groups"":[{""id"":""23b8c1e9392456de"",""name"":""Windows Workstations""},{""id"":""17fc695a07a0ca6e"",""name"":""Linux Servers""},{""id"":""8fadc1a606cb0fb3"",""name"":""Executive Endpoints""}],""hostname"":""BSNS-WIN-DAVID"",""instance_id"":""i-19913235c0a24a3b8"",""local_ip"":""192.168.1.8"",""machine_domain"":""BUSINESS"",""os_build"":""6.1.0-15-amd64"",""os_version"":""Amazon Linux 2"",""ou"":""Cloud/EKS"",""platform"":""Linux"",""platform_name"":""Linux"",""product_type_desc"":""Server"",""service_provider"":""Google_Cloud_Compute_Engine"",""service_provider_account_id"":""795911943199"",""site_name"":""Default"",""system_manufacturer"":""VMware, Inc."",""tags"":[]}"		"{""entities"":[{""action"":""Patch"",""id"":""8784421a-8782-431a-84b2-8764d23d0ac2"",""link"":""https://nvd.nist.gov/vuln/detail/CVE-2022-89740"",""reference"":""Update to patched version to mitigate CVE-2022-89740"",""title"":""Apply security patch""}]}"	CrowdstrikeFalcon_instance_1	CrowdstrikeFalcon	34.147.67.188	https://crowdstrike-simul-s36v5crh7q-ew.a.run.app	34.147.67.188	https://crowdstrike-simul-s36v5crh7q-ew.a.run.app
Jul 22 2026 12:05:59	Jul 22 2026 12:05:59	May 30 2026 16:07:41	Jul 15 2026 16:17:08	1684dd34-3e4f-4290-825b-240464b7bf62	gThCbk3AaiW48aBG6Q/MvQ==:1:742:957	0cd620c20ea2622b504867babf7b539b	abc123def456abc123def456abc123de	"{""actors"":[""Muddled Libra""],""base_score"":0.1,""cisa_info"":{""due_date"":"""",""is_cisa_kev"":false},""description"":""A vulnerability in a software component allows a remote attacker to execute arbitrary code by sending a specially crafted request. Successful exploitation could lead to full system compromise."",""exploit_status"":39,""exploitability_score"":8.4,""exprt_rating"":""UNKNOWN"",""id"":""CVE-2024-25405"",""impact_score"":9.1,""name"":""Remote Code Execution in Cantrell, Rivera and Thornton Product"",""published_date"":""2026-06-14T04:50:32Z"",""remediation_level"":""W"",""severity"":""NONE"",""spotlight_published_date"":""2026-04-28T22:37:42Z"",""vector"":""CVSS:3.1/AV:N/AC:L/PR:N/UI:N/S:U/C:H/I:H/A:H"",""vendor_advisory"":""https://vendor.example.com/security/advisories/CVE-2024-25405""}"		"[{""evaluation_logic"":{""id"":""f2aaab82-ef60-41ad-b8f3-7f0576fd5333""},""product_name_version"":""ujaV v7.2.7"",""remediation"":{""ids"":[""9918be56-e5d8-4fca-9070-6596f9ccf6b8""]},""sub_status"":""open""}]"	open	CrowdStrike	Falcon_Spotlight_Vulnerabilities			"{""groups"":[{""id"":""1c80317fa3b1799d"",""name"":""Executive Endpoints""},{""id"":""17fc695a07a0ca6e"",""name"":""Linux Servers""}],""hostname"":""BSNS-MAC-EMMA"",""instance_id"":""i-ba17a74af9be43e8a"",""local_ip"":""192.168.1.1"",""machine_domain"":""BUSINESS"",""os_build"":""22G120"",""os_version"":""macOS 13.6"",""ou"":""Corporate/Endpoints"",""platform"":""Mac"",""platform_name"":""Mac"",""product_type_desc"":""Server"",""service_provider"":""Azure"",""service_provider_account_id"":""836160973311"",""site_name"":""Default"",""system_manufacturer"":""Lenovo"",""tags"":[]}"		"{""entities"":[{""action"":""Patch"",""id"":""99e9e6cf-7783-43ab-aa2f-283373b31be1"",""link"":""https://nvd.nist.gov/vuln/detail/CVE-2024-25405"",""reference"":""Update to patched version to mitigate CVE-2024-25405"",""title"":""Apply security patch""}]}"	CrowdstrikeFalcon_instance_1	CrowdstrikeFalcon	34.147.67.188	https://crowdstrike-simul-s36v5crh7q-ew.a.run.app	34.147.67.188	https://crowdstrike-simul-s36v5crh7q-ew.a.run.app
Jul 22 2026 12:05:59	Jul 22 2026 12:05:59	Jul 19 2026 03:35:35	Jul 20 2026 19:07:31	cbab9da9-4f0a-4201-a2b5-42b09e18057e	gThCbk3AaiW48aBG6Q/MvQ==:2:742:957	b4d7e28e271e3ee2b1a6b1f1620e99d3	abc123def456abc123def456abc123de	"{""actors"":[""Cozy Bear""],""base_score"":9.9,""cisa_info"":{""due_date"":"""",""is_cisa_kev"":false},""description"":""A vulnerability in a software component allows a remote attacker to execute arbitrary code by sending a specially crafted request. Successful exploitation could lead to full system compromise."",""exploit_status"":49,""exploitability_score"":6.8,""exprt_rating"":""UNKNOWN"",""id"":""CVE-2019-10046"",""impact_score"":9.8,""name"":""Remote Code Execution in Murray, Bradley and Melendez Product"",""published_date"":""2026-06-17T22:40:14Z"",""remediation_level"":""U"",""severity"":""NONE"",""spotlight_published_date"":""2026-02-04T06:07:54Z"",""vector"":""CVSS:3.1/AV:L/AC:H/PR:L/UI:N/S:U/C:H/I:H/A:H"",""vendor_advisory"":""https://vendor.example.com/security/advisories/CVE-2019-10046""}"		"[{""evaluation_logic"":{""id"":""ccb9adcc-c69e-4def-af6c-3853bf46bb1f""},""product_name_version"":""OrAl v1.0.6"",""remediation"":{""ids"":[""ce093bac-8b62-4392-854f-26af87f6ec94""]},""sub_status"":""open""}]"	open	CrowdStrike	Falcon_Spotlight_Vulnerabilities			"{""groups"":[],""hostname"":""BSNS-MAC-BOB"",""instance_id"":""i-1fbb8d51daa941e1b"",""local_ip"":""192.168.1.7"",""machine_domain"":""BUSINESS"",""os_build"":""22631"",""os_version"":""Windows Server 2022"",""ou"":""Cloud/AKS"",""platform"":""Windows"",""platform_name"":""Windows"",""product_type_desc"":""Server"",""service_provider"":""Azure"",""service_provider_account_id"":""591269009200"",""site_name"":""Default"",""system_manufacturer"":""VMware, Inc."",""tags"":[]}"		"{""entities"":[{""action"":""Patch"",""id"":""048469da-452d-4622-98d2-221cc3014f03"",""link"":""https://nvd.nist.gov/vuln/detail/CVE-2019-10046"",""reference"":""Update to patched version to mitigate CVE-2019-10046"",""title"":""Apply security patch""}]}"	CrowdstrikeFalcon_instance_1	CrowdstrikeFalcon	34.147.67.188	https://crowdstrike-simul-s36v5crh7q-ew.a.run.app	34.147.67.188	https://crowdstrike-simul-s36v5crh7q-ew.a.run.app
Jul 22 2026 12:05:59	Jul 22 2026 12:05:59	Jul 13 2026 06:07:17	Jul 21 2026 21:10:10	8bd7f502-5dec-4141-85a3-3f4ba18498bb	7yXdTlXypqIx3hzOROn47w==:6:742:957	fff9f5850d557b618a175dfebfc00dc8	abc123def456abc123def456abc123de	"{""actors"":[],""base_score"":6.7,""cisa_info"":{""due_date"":"""",""is_cisa_kev"":false},""description"":""A vulnerability in a software component allows a remote attacker to execute arbitrary code by sending a specially crafted request. Successful exploitation could lead to full system compromise."",""exploit_status"":11,""exploitability_score"":5.6,""exprt_rating"":""MEDIUM"",""id"":""CVE-2023-12108"",""impact_score"":7.2,""name"":""Remote Code Execution in Burke, Sullivan and Wilson Product"",""published_date"":""2026-05-01T04:50:21Z"",""remediation_level"":""U"",""severity"":""HIGH"",""spotlight_published_date"":""2026-04-06T20:34:35Z"",""vector"":""CVSS:3.1/AV:N/AC:H/PR:N/UI:R/S:U/C:H/I:H/A:H"",""vendor_advisory"":""https://vendor.example.com/security/advisories/CVE-2023-12108""}"		"[{""evaluation_logic"":{""id"":""03f986ae-33b7-4319-bb48-45958dcf6af3""},""product_name_version"":""sPkq v3.6.4"",""remediation"":{""ids"":[""b9217205-75a5-4e83-81f6-2c249cc380d1""]},""sub_status"":""open""}]"	open	CrowdStrike	Falcon_Spotlight_Vulnerabilities			"{""groups"":[{""id"":""1c80317fa3b1799d"",""name"":""Executive Endpoints""},{""id"":""8b9d2434e465e150"",""name"":""Engineering""},{""id"":""8fadc1a606cb0fb3"",""name"":""Executive Endpoints""}],""hostname"":""BSNS-WIN-CHARLIE"",""instance_id"":""i-8f01330b18bc410a9"",""local_ip"":""192.168.1.1"",""machine_domain"":""BUSINESS"",""os_build"":""22000"",""os_version"":""Windows 10"",""ou"":""Cloud/AKS"",""platform"":""Windows"",""platform_name"":""Windows"",""product_type_desc"":""Workstation"",""service_provider"":""Google_Cloud_Compute_Engine"",""service_provider_account_id"":""731952328034"",""site_name"":""Default"",""system_manufacturer"":""Lenovo"",""tags"":[]}"		"{""entities"":[{""action"":""Patch"",""id"":""7280989a-282e-4413-9d04-37f7b3745007"",""link"":""https://nvd.nist.gov/vuln/detail/CVE-2023-12108"",""reference"":""Update to patched version to mitigate CVE-2023-12108"",""title"":""Apply security patch""}]}"	CrowdstrikeFalcon_instance_1	CrowdstrikeFalcon	34.147.67.188	https://crowdstrike-simul-s36v5crh7q-ew.a.run.app	34.147.67.188	https://crowdstrike-simul-s36v5crh7q-ew.a.run.app
Jul 22 2026 12:05:59	Jul 22 2026 12:05:59	Jul 17 2026 00:40:07	Jul 20 2026 11:40:58	5dac94a4-e269-480a-a85f-c7232de9a858	PczRI30ohtOL8Bay5KgnTg==:1:742:957	b7b56ea735ebd32d9ad620ab48212ddb	abc123def456abc123def456abc123de	"{""actors"":[""Muddled Libra"",""Lazarus""],""base_score"":0.6,""cisa_info"":{""due_date"":"""",""is_cisa_kev"":false},""description"":""A vulnerability in a software component allows a remote attacker to execute arbitrary code by sending a specially crafted request. Successful exploitation could lead to full system compromise."",""exploit_status"":26,""exploitability_score"":1.3,""exprt_rating"":""HIGH"",""id"":""CVE-2021-85659"",""impact_score"":9.4,""name"":""Remote Code Execution in Martin Inc Product"",""published_date"":""2025-12-22T03:44:51Z"",""remediation_level"":""U"",""severity"":""MEDIUM"",""spotlight_published_date"":""2026-02-22T04:47:38Z"",""vector"":""CVSS:3.1/AV:L/AC:H/PR:L/UI:N/S:U/C:H/I:H/A:H"",""vendor_advisory"":""https://vendor.example.com/security/advisories/CVE-2021-85659""}"		"[{""evaluation_logic"":{""id"":""4a6246d2-4279-4892-bc51-627dae11b221""},""product_name_version"":""TSQY v4.2.2"",""remediation"":{""ids"":[""24592639-3414-47f8-a002-15036c265fb9""]},""sub_status"":""open""}]"	open	CrowdStrike	Falcon_Spotlight_Vulnerabilities			"{""groups"":[{""id"":""8b9d2434e465e150"",""name"":""Engineering""},{""id"":""8fadc1a606cb0fb3"",""name"":""Executive Endpoints""}],""hostname"":""BSNS-WIN-CHARLIE"",""instance_id"":""i-162b6484b5194ef99"",""local_ip"":""192.168.1.9"",""machine_domain"":""BUSINESS"",""os_build"":""19045"",""os_version"":""Windows Server 2019"",""ou"":""Cloud/EKS"",""platform"":""Windows"",""platform_name"":""Windows"",""product_type_desc"":""Domain Controller"",""service_provider"":""AWS_EC2_V2"",""service_provider_account_id"":""108750850618"",""site_name"":""Default"",""system_manufacturer"":""Lenovo"",""tags"":[]}"		"{""entities"":[{""action"":""Patch"",""id"":""14f1d28f-3dae-4c90-89c5-f676816d24ee"",""link"":""https://nvd.nist.gov/vuln/detail/CVE-2021-85659"",""reference"":""Update to patched version to mitigate CVE-2021-85659"",""title"":""Apply security patch""}]}"	CrowdstrikeFalcon_instance_1	CrowdstrikeFalcon	34.147.67.188	https://crowdstrike-simul-s36v5crh7q-ew.a.run.app	34.147.67.188	https://crowdstrike-simul-s36v5crh7q-ew.a.run.app
Jul 22 2026 12:05:59	Jul 22 2026 12:05:59	Jun 03 2026 15:25:04	Jul 15 2026 23:47:33	472cbc91-6b1c-4b29-8260-aad03082b8df	PczRI30ohtOL8Bay5KgnTg==:3:742:957	36d8393a7c441fe7ab4220a7474a493b	abc123def456abc123def456abc123de	"{""actors"":[""Silent Ram"",""Wizard Spider""],""base_score"":4.8,""cisa_info"":{""due_date"":""2026-08-02"",""is_cisa_kev"":true},""description"":""A vulnerability in a software component allows a remote attacker to execute arbitrary code by sending a specially crafted request. Successful exploitation could lead to full system compromise."",""exploit_status"":20,""exploitability_score"":6.3,""exprt_rating"":""CRITICAL"",""id"":""CVE-2024-75289"",""impact_score"":9.7,""name"":""Remote Code Execution in Sanders PLC Product"",""published_date"":""2025-10-27T18:26:11Z"",""remediation_level"":""U"",""severity"":""MEDIUM"",""spotlight_published_date"":""2026-06-25T12:44:57Z"",""vector"":""CVSS:3.1/AV:N/AC:L/PR:N/UI:N/S:U/C:H/I:H/A:H"",""vendor_advisory"":""https://vendor.example.com/security/advisories/CVE-2024-75289""}"		"[{""evaluation_logic"":{""id"":""e4138275-f147-41e7-ae1c-0235a4ce95a3""},""product_name_version"":""aRFR v7.5.2"",""remediation"":{""ids"":[""ec70dde6-8cff-458b-938c-ac0116c4a904""]},""sub_status"":""open""}]"	open	CrowdStrike	Falcon_Spotlight_Vulnerabilities			"{""groups"":[{""id"":""8b9d2434e465e150"",""name"":""Engineering""},{""id"":""8fadc1a606cb0fb3"",""name"":""Executive Endpoints""}],""hostname"":""BSNS-MAC-EMMA"",""instance_id"":""i-9ee1025f431c4f0e9"",""local_ip"":""192.168.1.4"",""machine_domain"":""BUSINESS"",""os_build"":""22000"",""os_version"":""Windows Server 2022"",""ou"":""Corporate/Servers"",""platform"":""Windows"",""platform_name"":""Windows"",""product_type_desc"":""Domain Controller"",""service_provider"":""AWS_EC2_V2"",""service_provider_account_id"":""277379043591"",""site_name"":""Default"",""system_manufacturer"":""HP Inc."",""tags"":[]}"		"{""entities"":[{""action"":""Patch"",""id"":""1759774c-40c2-4581-9820-313cd6fc24cc"",""link"":""https://nvd.nist.gov/vuln/detail/CVE-2024-75289"",""reference"":""Update to patched version to mitigate CVE-2024-75289"",""title"":""Apply security patch""}]}"	CrowdstrikeFalcon_instance_1	CrowdstrikeFalcon	34.147.67.188	https://crowdstrike-simul-s36v5crh7q-ew.a.run.app	34.147.67.188	https://crowdstrike-simul-s36v5crh7q-ew.a.run.app
Jul 22 2026 12:05:58	Jul 22 2026 12:05:58	Jun 15 2026 11:02:10	Jul 20 2026 20:27:07	e6a7f4be-9722-4e47-9479-890b06cfab19	YDiNFVPFM0+tMgdncWFjxw==:2:742:957	fff9f5850d557b618a175dfebfc00dc8	abc123def456abc123def456abc123de	"{""actors"":[""Muddled Libra"",""APT41""],""base_score"":4.4,""cisa_info"":{""due_date"":"""",""is_cisa_kev"":false},""description"":""A vulnerability in a software component allows a remote attacker to execute arbitrary code by sending a specially crafted request. Successful exploitation could lead to full system compromise."",""exploit_status"":38,""exploitability_score"":3.8,""exprt_rating"":""UNKNOWN"",""id"":""CVE-2022-44193"",""impact_score"":2.8,""name"":""Remote Code Execution in Hart-Moore Product"",""published_date"":""2025-12-13T16:46:28Z"",""remediation_level"":""U"",""severity"":""LOW"",""spotlight_published_date"":""2026-03-20T08:25:30Z"",""vector"":""CVSS:3.1/AV:L/AC:H/PR:L/UI:N/S:U/C:H/I:H/A:H"",""vendor_advisory"":""https://vendor.example.com/security/advisories/CVE-2022-44193""}"		"[{""evaluation_logic"":{""id"":""dd15604e-b41b-4c3f-acc2-c9e54c5123ab""},""product_name_version"":""RIKE v9.7.8"",""remediation"":{""ids"":[""f6d8c02d-6366-41d7-9a65-42655b68fcf1""]},""sub_status"":""open""}]"	reopen	CrowdStrike	Falcon_Spotlight_Vulnerabilities			"{""groups"":[{""id"":""1c80317fa3b1799d"",""name"":""Executive Endpoints""},{""id"":""8b9d2434e465e150"",""name"":""Engineering""},{""id"":""8fadc1a606cb0fb3"",""name"":""Executive Endpoints""}],""hostname"":""BSNS-WIN-CHARLIE"",""instance_id"":""i-38373d6638ab419da"",""local_ip"":""192.168.1.1"",""machine_domain"":""BUSINESS"",""os_build"":""22000"",""os_version"":""Windows 10"",""ou"":""Cloud/AKS"",""platform"":""Windows"",""platform_name"":""Windows"",""product_type_desc"":""Workstation"",""service_provider"":""Google_Cloud_Compute_Engine"",""service_provider_account_id"":""908705611934"",""site_name"":""Default"",""system_manufacturer"":""Lenovo"",""tags"":[]}"		"{""entities"":[{""action"":""Patch"",""id"":""0dc38960-15ab-47fb-bdbe-b115f995e4f8"",""link"":""https://nvd.nist.gov/vuln/detail/CVE-2022-44193"",""reference"":""Update to patched version to mitigate CVE-2022-44193"",""title"":""Apply security patch""}]}"	CrowdstrikeFalcon_instance_1	CrowdstrikeFalcon	34.147.67.188	https://crowdstrike-simul-s36v5crh7q-ew.a.run.app	34.147.67.188	https://crowdstrike-simul-s36v5crh7q-ew.a.run.app
Jul 22 2026 12:05:58	Jul 22 2026 12:05:58	Jun 02 2026 21:17:36	Jul 21 2026 11:19:18	5400e8a3-5798-43a3-b5bb-c14cf33c2a91	YDiNFVPFM0+tMgdncWFjxw==:3:742:957	d777a4774c66e0a8a013ac6ededa4e16	abc123def456abc123def456abc123de	"{""actors"":[""Cozy Bear""],""base_score"":9.6,""cisa_info"":{""due_date"":"""",""is_cisa_kev"":false},""description"":""A vulnerability in a software component allows a remote attacker to execute arbitrary code by sending a specially crafted request. Successful exploitation could lead to full system compromise."",""exploit_status"":45,""exploitability_score"":1.7,""exprt_rating"":""LOW"",""id"":""CVE-2020-51324"",""impact_score"":5.4,""name"":""Remote Code Execution in Lester Group Product"",""published_date"":""2026-04-17T14:32:43Z"",""remediation_level"":""O"",""severity"":""LOW"",""spotlight_published_date"":""2026-05-21T07:44:51Z"",""vector"":""CVSS:3.1/AV:N/AC:L/PR:N/UI:N/S:U/C:H/I:H/A:H"",""vendor_advisory"":""https://vendor.example.com/security/advisories/CVE-2020-51324""}"		"[{""evaluation_logic"":{""id"":""654e0d90-da65-4c9e-a98d-eec3573704fe""},""product_name_version"":""fuMt v7.0.0"",""remediation"":{""ids"":[""e6a56c94-68f8-40c4-82d9-cfbbbf2f71f8""]},""sub_status"":""open""}]"	reopen	CrowdStrike	Falcon_Spotlight_Vulnerabilities			"{""groups"":[{""id"":""1c80317fa3b1799d"",""name"":""Executive Endpoints""},{""id"":""23b8c1e9392456de"",""name"":""Windows Workstations""},{""id"":""8b9d2434e465e150"",""name"":""Engineering""}],""hostname"":""BSNS-MOB-FLORA"",""instance_id"":"""",""local_ip"":""192.168.1.4"",""machine_domain"":""BUSINESS"",""os_build"":""5.15.0-88-generic"",""os_version"":""Ubuntu 22.04"",""ou"":""Cloud/EKS"",""platform"":""Linux"",""platform_name"":""Linux"",""product_type_desc"":""Server"",""service_provider"":""On-Prem"",""service_provider_account_id"":"""",""site_name"":""Default"",""system_manufacturer"":""HP Inc."",""tags"":[]}"		"{""entities"":[{""action"":""Patch"",""id"":""97e3b993-d5ba-4718-ab68-1aa489bbabce"",""link"":""https://nvd.nist.gov/vuln/detail/CVE-2020-51324"",""reference"":""Update to patched version to mitigate CVE-2020-51324"",""title"":""Apply security patch""}]}"	CrowdstrikeFalcon_instance_1	CrowdstrikeFalcon	34.147.67.188	https://crowdstrike-simul-s36v5crh7q-ew.a.run.app	34.147.67.188	https://crowdstrike-simul-s36v5crh7q-ew.a.run.app
Jul 22 2026 12:06:00	Jul 22 2026 12:06:00	Jul 18 2026 04:48:56	Jul 22 2026 08:51:15	ba7f687d-f413-4b3f-a68f-af2e3be7c78a	EBYQhpVcqmCD7RV5v4GDfg==:5:742:957	8cbfedb0f264accc79ac1b1ea8e56e0c	abc123def456abc123def456abc123de	"{""actors"":[""Cozy Bear""],""base_score"":3.2,""cisa_info"":{""due_date"":"""",""is_cisa_kev"":false},""description"":""A vulnerability in a software component allows a remote attacker to execute arbitrary code by sending a specially crafted request. Successful exploitation could lead to full system compromise."",""exploit_status"":48,""exploitability_score"":3.7,""exprt_rating"":""MEDIUM"",""id"":""CVE-2020-63580"",""impact_score"":9.6,""name"":""Remote Code Execution in Dennis Inc Product"",""published_date"":""2025-12-28T04:20:24Z"",""remediation_level"":""O"",""severity"":""UNKNOWN"",""spotlight_published_date"":""2026-03-16T07:11:45Z"",""vector"":""CVSS:3.1/AV:L/AC:H/PR:L/UI:N/S:U/C:H/I:H/A:H"",""vendor_advisory"":""https://vendor.example.com/security/advisories/CVE-2020-63580""}"		"[{""evaluation_logic"":{""id"":""ceea631e-c37c-4677-99a6-cf030ebea918""},""product_name_version"":""UCvS v9.2.9"",""remediation"":{""ids"":[""1c0309ad-69ae-4818-86a9-65668a129379""]},""sub_status"":""open""}]"	reopen	CrowdStrike	Falcon_Spotlight_Vulnerabilities			"{""groups"":[{""id"":""1c80317fa3b1799d"",""name"":""Executive Endpoints""},{""id"":""23b8c1e9392456de"",""name"":""Windows Workstations""},{""id"":""17fc695a07a0ca6e"",""name"":""Linux Servers""}],""hostname"":""BSNS-MAC-BOB"",""instance_id"":""i-6fddb7a90fe9421d9"",""local_ip"":""192.168.1.4"",""machine_domain"":""BUSINESS"",""os_build"":""22G120"",""os_version"":""macOS 14.2"",""ou"":""Corporate/Servers"",""platform"":""Mac"",""platform_name"":""Mac"",""product_type_desc"":""Workstation"",""service_provider"":""Azure"",""service_provider_account_id"":""497944539920"",""site_name"":""Default"",""system_manufacturer"":""Dell Inc."",""tags"":[]}"		"{""entities"":[{""action"":""Patch"",""id"":""5fa5ceba-0835-4f30-9856-ad59843c0921"",""link"":""https://nvd.nist.gov/vuln/detail/CVE-2020-63580"",""reference"":""Update to patched version to mitigate CVE-2020-63580"",""title"":""Apply security patch""}]}"	CrowdstrikeFalcon_instance_1	CrowdstrikeFalcon	34.147.67.188	https://crowdstrike-simul-s36v5crh7q-ew.a.run.app	34.147.67.188	https://crowdstrike-simul-s36v5crh7q-ew.a.run.app
Jul 22 2026 12:06:00	Jul 22 2026 12:06:00	Jun 23 2026 20:10:00	Jul 18 2026 20:36:56	13c60b31-26dc-44de-8713-f140eb7ae8c3	EBYQhpVcqmCD7RV5v4GDfg==:2:742:957	a0a04dc427209bdf1c11f735dc713d96	abc123def456abc123def456abc123de	"{""actors"":[""Lazarus""],""base_score"":9.5,""cisa_info"":{""due_date"":"""",""is_cisa_kev"":false},""description"":""A vulnerability in a software component allows a remote attacker to execute arbitrary code by sending a specially crafted request. Successful exploitation could lead to full system compromise."",""exploit_status"":36,""exploitability_score"":7.9,""exprt_rating"":""UNKNOWN"",""id"":""CVE-2019-39038"",""impact_score"":3.8,""name"":""Remote Code Execution in Steele Group Product"",""published_date"":""2026-04-05T21:41:37Z"",""remediation_level"":""U"",""severity"":""MEDIUM"",""spotlight_published_date"":""2026-01-29T10:31:56Z"",""vector"":""CVSS:3.1/AV:N/AC:H/PR:N/UI:R/S:U/C:H/I:H/A:H"",""vendor_advisory"":""https://vendor.example.com/security/advisories/CVE-2019-39038""}"		"[{""evaluation_logic"":{""id"":""3f069a3d-89c3-48e1-8f5d-e7cca6107ba8""},""product_name_version"":""pfJW v1.7.7"",""remediation"":{""ids"":[""257cf330-e12b-4084-8f4a-32f5e29e61c6""]},""sub_status"":""open""}]"	reopen	CrowdStrike	Falcon_Spotlight_Vulnerabilities			"{""groups"":[{""id"":""1c80317fa3b1799d"",""name"":""Executive Endpoints""},{""id"":""8b9d2434e465e150"",""name"":""Engineering""},{""id"":""17fc695a07a0ca6e"",""name"":""Linux Servers""}],""hostname"":""BSNS-MAC-BOB"",""instance_id"":""i-083f89ef729d48df8"",""local_ip"":""192.168.1.10"",""machine_domain"":""BUSINESS"",""os_build"":""5.15.0-88-generic"",""os_version"":""CentOS 7"",""ou"":""Cloud/EKS"",""platform"":""Linux"",""platform_name"":""Linux"",""product_type_desc"":""Workstation"",""service_provider"":""Azure"",""service_provider_account_id"":""647465802270"",""site_name"":""Default"",""system_manufacturer"":""HP Inc."",""tags"":[]}"		"{""entities"":[{""action"":""Patch"",""id"":""38fa5d50-8068-43ef-b876-caef1bd129b3"",""link"":""https://nvd.nist.gov/vuln/detail/CVE-2019-39038"",""reference"":""Update to patched version to mitigate CVE-2019-39038"",""title"":""Apply security patch""}]}"	CrowdstrikeFalcon_instance_1	CrowdstrikeFalcon	34.147.67.188	https://crowdstrike-simul-s36v5crh7q-ew.a.run.app	34.147.67.188	https://crowdstrike-simul-s36v5crh7q-ew.a.run.app
Jul 22 2026 12:05:59	Jul 22 2026 12:05:59	May 31 2026 05:55:23	Jul 15 2026 15:01:05	6dfa22f5-ebf3-4b14-8948-002e9734d0bc	kgQ5vvzcEYLbGNiAZKuhzg==:1:742:957	36d8393a7c441fe7ab4220a7474a493b	abc123def456abc123def456abc123de	"{""actors"":[""Lazarus""],""base_score"":1.2,""cisa_info"":{""due_date"":"""",""is_cisa_kev"":false},""description"":""A vulnerability in a software component allows a remote attacker to execute arbitrary code by sending a specially crafted request. Successful exploitation could lead to full system compromise."",""exploit_status"":15,""exploitability_score"":3.5,""exprt_rating"":""NONE"",""id"":""CVE-2020-98186"",""impact_score"":3.9,""name"":""Remote Code Execution in Jackson-Torres Product"",""published_date"":""2026-05-25T06:59:19Z"",""remediation_level"":""U"",""severity"":""CRITICAL"",""spotlight_published_date"":""2026-02-13T06:51:51Z"",""vector"":""CVSS:3.1/AV:N/AC:H/PR:N/UI:R/S:U/C:H/I:H/A:H"",""vendor_advisory"":""https://vendor.example.com/security/advisories/CVE-2020-98186""}"		"[{""evaluation_logic"":{""id"":""cdc56df9-58fb-4d45-b246-7605a4c0380c""},""product_name_version"":""iCMH v5.4.5"",""remediation"":{""ids"":[""210a903e-bbe5-462a-8a5c-1475a4d92817""]},""sub_status"":""open""}]"	reopen	CrowdStrike	Falcon_Spotlight_Vulnerabilities			"{""groups"":[{""id"":""8b9d2434e465e150"",""name"":""Engineering""},{""id"":""8fadc1a606cb0fb3"",""name"":""Executive Endpoints""}],""hostname"":""BSNS-MAC-EMMA"",""instance_id"":""i-05a61a617e724499a"",""local_ip"":""192.168.1.4"",""machine_domain"":""BUSINESS"",""os_build"":""22000"",""os_version"":""Windows Server 2022"",""ou"":""Cloud/EKS"",""platform"":""Windows"",""platform_name"":""Windows"",""product_type_desc"":""Domain Controller"",""service_provider"":""Azure"",""service_provider_account_id"":""493628260892"",""site_name"":""Default"",""system_manufacturer"":""HP Inc."",""tags"":[]}"		"{""entities"":[{""action"":""Patch"",""id"":""9b0ac787-bdc3-4d01-99ac-172f7bc6ebf0"",""link"":""https://nvd.nist.gov/vuln/detail/CVE-2020-98186"",""reference"":""Update to patched version to mitigate CVE-2020-98186"",""title"":""Apply security patch""}]}"	CrowdstrikeFalcon_instance_1	CrowdstrikeFalcon	34.147.67.188	https://crowdstrike-simul-s36v5crh7q-ew.a.run.app	34.147.67.188	https://crowdstrike-simul-s36v5crh7q-ew.a.run.app
Jul 22 2026 12:05:59	Jul 22 2026 12:05:59	Jun 26 2026 19:43:15	Jul 16 2026 12:38:57	db059d7b-49d6-40fb-8360-0c35034659a2	PczRI30ohtOL8Bay5KgnTg==:2:742:957	3ff350bf766ecb15474ebc192ef91276	abc123def456abc123def456abc123de	"{""actors"":[""Fancy Bear"",""Lazarus""],""base_score"":3.2,""cisa_info"":{""due_date"":"""",""is_cisa_kev"":false},""description"":""A vulnerability in a software component allows a remote attacker to execute arbitrary code by sending a specially crafted request. Successful exploitation could lead to full system compromise."",""exploit_status"":42,""exploitability_score"":3.7,""exprt_rating"":""NONE"",""id"":""CVE-2024-76511"",""impact_score"":3.0,""name"":""Remote Code Execution in Fields-Friedman Product"",""published_date"":""2025-07-28T07:09:38Z"",""remediation_level"":""O"",""severity"":""MEDIUM"",""spotlight_published_date"":""2026-03-10T21:04:12Z"",""vector"":""CVSS:3.1/AV:N/AC:H/PR:N/UI:R/S:U/C:H/I:H/A:H"",""vendor_advisory"":""https://vendor.example.com/security/advisories/CVE-2024-76511""}"		"[{""evaluation_logic"":{""id"":""13f5a3a0-8e9b-418d-aa6e-5bdb1105f94b""},""product_name_version"":""kdrx v7.2.5"",""remediation"":{""ids"":[""b3769b44-0909-4b8d-bcd7-c44f6a80bb24""]},""sub_status"":""open""}]"	open	CrowdStrike	Falcon_Spotlight_Vulnerabilities			"{""groups"":[{""id"":""1c80317fa3b1799d"",""name"":""Executive Endpoints""},{""id"":""8b9d2434e465e150"",""name"":""Engineering""}],""hostname"":""BSNS-WIN-ALICE"",""instance_id"":""i-8e8ff706e0f843508"",""local_ip"":""192.168.1.1"",""machine_domain"":""BUSINESS"",""os_build"":""22G120"",""os_version"":""macOS 13.6"",""ou"":""Corporate/Servers"",""platform"":""Mac"",""platform_name"":""Mac"",""product_type_desc"":""Server"",""service_provider"":""Google_Cloud_Compute_Engine"",""service_provider_account_id"":""752613925183"",""site_name"":""Default"",""system_manufacturer"":""Dell Inc."",""tags"":[]}"		"{""entities"":[{""action"":""Patch"",""id"":""420b7e00-b79d-4078-acbe-8a13d872a2bd"",""link"":""https://nvd.nist.gov/vuln/detail/CVE-2024-76511"",""reference"":""Update to patched version to mitigate CVE-2024-76511"",""title"":""Apply security patch""}]}"	CrowdstrikeFalcon_instance_1	CrowdstrikeFalcon	34.147.67.188	https://crowdstrike-simul-s36v5crh7q-ew.a.run.app	34.147.67.188	https://crowdstrike-simul-s36v5crh7q-ew.a.run.app
Jul 22 2026 12:05:57	Jul 22 2026 12:05:57	Jun 09 2026 13:58:41	Jul 18 2026 22:31:00	c535f346-49a4-41ec-8218-8029b63131b3	ov7lg19d/Nm2MLRNmQhZOg==:0:742:957	3317347038f16a81787f2425dbccc477	abc123def456abc123def456abc123de	"{""actors"":[],""base_score"":9.6,""cisa_info"":{""due_date"":"""",""is_cisa_kev"":false},""description"":""A vulnerability in a software component allows a remote attacker to execute arbitrary code by sending a specially crafted request. Successful exploitation could lead to full system compromise."",""exploit_status"":11,""exploitability_score"":2.1,""exprt_rating"":""NONE"",""id"":""CVE-2019-90486"",""impact_score"":4.5,""name"":""Remote Code Execution in Johnson Inc Product"",""published_date"":""2025-09-27T04:07:44Z"",""remediation_level"":""T"",""severity"":""UNKNOWN"",""spotlight_published_date"":""2026-06-21T09:35:21Z"",""vector"":""CVSS:3.1/AV:N/AC:L/PR:N/UI:N/S:U/C:H/I:H/A:H"",""vendor_advisory"":""https://vendor.example.com/security/advisories/CVE-2019-90486""}"		"[{""evaluation_logic"":{""id"":""3ca44325-eef4-4af8-8206-c71699bf6311""},""product_name_version"":""FJVD v4.9.4"",""remediation"":{""ids"":[""9046dd29-65bd-4522-a2d7-6f25d363c2f5""]},""sub_status"":""open""}]"	open	CrowdStrike	Falcon_Spotlight_Vulnerabilities			"{""groups"":[{""id"":""1c80317fa3b1799d"",""name"":""Executive Endpoints""},{""id"":""17fc695a07a0ca6e"",""name"":""Linux Servers""}],""hostname"":""BSNS-WIN-DAVID"",""instance_id"":""i-19a13346c6df43d98"",""local_ip"":""192.168.1.4"",""machine_domain"":""BUSINESS"",""os_build"":""22G120"",""os_version"":""macOS 14.2"",""ou"":""Cloud/EKS"",""platform"":""Mac"",""platform_name"":""Mac"",""product_type_desc"":""Domain Controller"",""service_provider"":""Google_Cloud_Compute_Engine"",""service_provider_account_id"":""124722602367"",""site_name"":""Default"",""system_manufacturer"":""Lenovo"",""tags"":[]}"		"{""entities"":[{""action"":""Patch"",""id"":""f79a8a35-ca31-4ea2-b511-6ed7eb5601e9"",""link"":""https://nvd.nist.gov/vuln/detail/CVE-2019-90486"",""reference"":""Update to patched version to mitigate CVE-2019-90486"",""title"":""Apply security patch""}]}"	CrowdstrikeFalcon_instance_1	CrowdstrikeFalcon	34.147.67.188	https://crowdstrike-simul-s36v5crh7q-ew.a.run.app	34.147.67.188	https://crowdstrike-simul-s36v5crh7q-ew.a.run.app
Jul 22 2026 12:05:59	Jul 22 2026 12:05:59	May 25 2026 01:58:29	Jul 16 2026 18:11:11	5c50da46-f4b0-4a57-b39a-e4997b516d9e	kgQ5vvzcEYLbGNiAZKuhzg==:3:742:957	82ec9f2dfbf6e16f9b3080d56fb78271	abc123def456abc123def456abc123de	"{""actors"":[],""base_score"":5.5,""cisa_info"":{""due_date"":"""",""is_cisa_kev"":false},""description"":""A vulnerability in a software component allows a remote attacker to execute arbitrary code by sending a specially crafted request. Successful exploitation could lead to full system compromise."",""exploit_status"":35,""exploitability_score"":8.1,""exprt_rating"":""CRITICAL"",""id"":""CVE-2022-74005"",""impact_score"":6.4,""name"":""Remote Code Execution in Guerrero PLC Product"",""published_date"":""2026-04-26T13:48:38Z"",""remediation_level"":""U"",""severity"":""CRITICAL"",""spotlight_published_date"":""2026-04-22T14:05:09Z"",""vector"":""CVSS:3.1/AV:N/AC:L/PR:N/UI:N/S:U/C:H/I:H/A:H"",""vendor_advisory"":""https://vendor.example.com/security/advisories/CVE-2022-74005""}"		"[{""evaluation_logic"":{""id"":""c8b1ef48-8bae-4dcd-9bec-e7fed92615b3""},""product_name_version"":""tNNg v9.5.2"",""remediation"":{""ids"":[""efe8a908-0b73-43a4-9f9a-a38b29b8aa62""]},""sub_status"":""open""}]"	reopen	CrowdStrike	Falcon_Spotlight_Vulnerabilities			"{""groups"":[{""id"":""1c80317fa3b1799d"",""name"":""Executive Endpoints""},{""id"":""8b9d2434e465e150"",""name"":""Engineering""},{""id"":""8fadc1a606cb0fb3"",""name"":""Executive Endpoints""}],""hostname"":""BSNS-WIN-ALICE"",""instance_id"":""i-efdd3fae8e884646b"",""local_ip"":""192.168.1.5"",""machine_domain"":""BUSINESS"",""os_build"":""23B92"",""os_version"":""macOS 13.6"",""ou"":""Cloud/AKS"",""platform"":""Mac"",""platform_name"":""Mac"",""product_type_desc"":""Domain Controller"",""service_provider"":""AWS_EC2_V2"",""service_provider_account_id"":""552225040924"",""site_name"":""Default"",""system_manufacturer"":""HP Inc."",""tags"":[]}"		"{""entities"":[{""action"":""Patch"",""id"":""beff82cf-f980-470e-9322-9d130c6eb903"",""link"":""https://nvd.nist.gov/vuln/detail/CVE-2022-74005"",""reference"":""Update to patched version to mitigate CVE-2022-74005"",""title"":""Apply security patch""}]}"	CrowdstrikeFalcon_instance_1	CrowdstrikeFalcon	34.147.67.188	https://crowdstrike-simul-s36v5crh7q-ew.a.run.app	34.147.67.188	https://crowdstrike-simul-s36v5crh7q-ew.a.run.app
Jul 22 2026 12:05:59	Jul 22 2026 12:05:59	Jul 05 2026 06:58:56	Jul 17 2026 10:53:21	ab62e233-a895-43b4-9f13-1ac49ab9c57f	gThCbk3AaiW48aBG6Q/MvQ==:4:742:957	610faa3ff0bbac67aa38d0a16ba25efe	abc123def456abc123def456abc123de	"{""actors"":[""APT41""],""base_score"":3.6,""cisa_info"":{""due_date"":"""",""is_cisa_kev"":false},""description"":""A vulnerability in a software component allows a remote attacker to execute arbitrary code by sending a specially crafted request. Successful exploitation could lead to full system compromise."",""exploit_status"":49,""exploitability_score"":3.2,""exprt_rating"":""NONE"",""id"":""CVE-2022-30902"",""impact_score"":3.7,""name"":""Remote Code Execution in Kelly-Estrada Product"",""published_date"":""2025-09-01T13:06:22Z"",""remediation_level"":""O"",""severity"":""NONE"",""spotlight_published_date"":""2026-06-22T10:36:54Z"",""vector"":""CVSS:3.1/AV:N/AC:L/PR:N/UI:N/S:U/C:H/I:H/A:H"",""vendor_advisory"":""https://vendor.example.com/security/advisories/CVE-2022-30902""}"		"[{""evaluation_logic"":{""id"":""511f0703-9d6f-42d5-9a2b-f0a30abd4693""},""product_name_version"":""WYZP v9.9.4"",""remediation"":{""ids"":[""10a47208-3036-40de-b728-c1b68b3d5a04""]},""sub_status"":""open""}]"	open	CrowdStrike	Falcon_Spotlight_Vulnerabilities			"{""groups"":[{""id"":""23b8c1e9392456de"",""name"":""Windows Workstations""}],""hostname"":""BSNS-MOB-FLORA"",""instance_id"":"""",""local_ip"":""192.168.1.10"",""machine_domain"":""BUSINESS"",""os_build"":""4.14.336-256.h539"",""os_version"":""Amazon Linux 2"",""ou"":""Cloud/EKS"",""platform"":""Linux"",""platform_name"":""Linux"",""product_type_desc"":""Server"",""service_provider"":""On-Prem"",""service_provider_account_id"":"""",""site_name"":""Default"",""system_manufacturer"":""Dell Inc."",""tags"":[]}"		"{""entities"":[{""action"":""Patch"",""id"":""728ab9a1-3a74-4d67-a7db-75162cdf0005"",""link"":""https://nvd.nist.gov/vuln/detail/CVE-2022-30902"",""reference"":""Update to patched version to mitigate CVE-2022-30902"",""title"":""Apply security patch""}]}"	CrowdstrikeFalcon_instance_1	CrowdstrikeFalcon	34.147.67.188	https://crowdstrike-simul-s36v5crh7q-ew.a.run.app	34.147.67.188	https://crowdstrike-simul-s36v5crh7q-ew.a.run.app
Jul 22 2026 12:06:00	Jul 22 2026 12:06:00	Jun 28 2026 14:01:19	Jul 16 2026 16:38:50	5109bb08-2ae9-4967-9251-385f2eb9c1cc	EBYQhpVcqmCD7RV5v4GDfg==:0:742:957	b4d7e28e271e3ee2b1a6b1f1620e99d3	abc123def456abc123def456abc123de	"{""actors"":[""Cozy Bear"",""Silent Ram""],""base_score"":9.6,""cisa_info"":{""due_date"":"""",""is_cisa_kev"":false},""description"":""A vulnerability in a software component allows a remote attacker to execute arbitrary code by sending a specially crafted request. Successful exploitation could lead to full system compromise."",""exploit_status"":44,""exploitability_score"":4.7,""exprt_rating"":""CRITICAL"",""id"":""CVE-2021-85136"",""impact_score"":2.4,""name"":""Remote Code Execution in Wells, Ford and Smith Product"",""published_date"":""2026-04-12T22:03:21Z"",""remediation_level"":""U"",""severity"":""CRITICAL"",""spotlight_published_date"":""2026-05-17T14:56:34Z"",""vector"":""CVSS:3.1/AV:N/AC:L/PR:N/UI:N/S:U/C:H/I:H/A:H"",""vendor_advisory"":""https://vendor.example.com/security/advisories/CVE-2021-85136""}"		"[{""evaluation_logic"":{""id"":""9e394e1b-7676-408f-bc86-81d4c1ccb5d2""},""product_name_version"":""AHFn v8.3.1"",""remediation"":{""ids"":[""7f0a69ce-ef55-4766-89d5-864cdbca2c71""]},""sub_status"":""open""}]"	open	CrowdStrike	Falcon_Spotlight_Vulnerabilities			"{""groups"":[],""hostname"":""BSNS-MAC-BOB"",""instance_id"":"""",""local_ip"":""192.168.1.7"",""machine_domain"":""BUSINESS"",""os_build"":""22631"",""os_version"":""Windows Server 2022"",""ou"":""Cloud/EKS"",""platform"":""Windows"",""platform_name"":""Windows"",""product_type_desc"":""Server"",""service_provider"":""On-Prem"",""service_provider_account_id"":"""",""site_name"":""Default"",""system_manufacturer"":""VMware, Inc."",""tags"":[]}"		"{""entities"":[{""action"":""Patch"",""id"":""99f22837-cabe-44f0-a941-517afacb188a"",""link"":""https://nvd.nist.gov/vuln/detail/CVE-2021-85136"",""reference"":""Update to patched version to mitigate CVE-2021-85136"",""title"":""Apply security patch""}]}"	CrowdstrikeFalcon_instance_1	CrowdstrikeFalcon	34.147.67.188	https://crowdstrike-simul-s36v5crh7q-ew.a.run.app	34.147.67.188	https://crowdstrike-simul-s36v5crh7q-ew.a.run.app
Jul 22 2026 12:05:57	Jul 22 2026 12:05:57	May 28 2026 19:53:26	Jul 19 2026 16:52:05	47d46e96-2003-4b87-9373-45cd591e39b7	ov7lg19d/Nm2MLRNmQhZOg==:4:742:957	610faa3ff0bbac67aa38d0a16ba25efe	abc123def456abc123def456abc123de	"{""actors"":[""Lazarus"",""Silent Ram""],""base_score"":9.9,""cisa_info"":{""due_date"":""2026-09-20"",""is_cisa_kev"":true},""description"":""A vulnerability in a software component allows a remote attacker to execute arbitrary code by sending a specially crafted request. Successful exploitation could lead to full system compromise."",""exploit_status"":16,""exploitability_score"":1.8,""exprt_rating"":""MEDIUM"",""id"":""CVE-2023-29644"",""impact_score"":8.8,""name"":""Remote Code Execution in Young, Henderson and Thomas Product"",""published_date"":""2026-01-14T09:11:23Z"",""remediation_level"":""O"",""severity"":""UNKNOWN"",""spotlight_published_date"":""2026-04-22T06:51:08Z"",""vector"":""CVSS:3.1/AV:N/AC:L/PR:N/UI:N/S:U/C:H/I:H/A:H"",""vendor_advisory"":""https://vendor.example.com/security/advisories/CVE-2023-29644""}"		"[{""evaluation_logic"":{""id"":""6e0a28c7-53a8-4a14-8c55-72ccf8d396a0""},""product_name_version"":""VyZV v5.5.9"",""remediation"":{""ids"":[""d1165c5c-1e80-4d57-bac4-bce7553b1e0d""]},""sub_status"":""open""}]"	reopen	CrowdStrike	Falcon_Spotlight_Vulnerabilities			"{""groups"":[{""id"":""23b8c1e9392456de"",""name"":""Windows Workstations""}],""hostname"":""BSNS-MOB-FLORA"",""instance_id"":""i-7f9f39f6c3094d699"",""local_ip"":""192.168.1.10"",""machine_domain"":""BUSINESS"",""os_build"":""4.14.336-256.h539"",""os_version"":""Amazon Linux 2"",""ou"":""Cloud/EKS"",""platform"":""Linux"",""platform_name"":""Linux"",""product_type_desc"":""Server"",""service_provider"":""AWS_EC2_V2"",""service_provider_account_id"":""989959650135"",""site_name"":""Default"",""system_manufacturer"":""Dell Inc."",""tags"":[]}"		"{""entities"":[{""action"":""Patch"",""id"":""e0268646-b289-418d-b8cc-bf81e84b2d86"",""link"":""https://nvd.nist.gov/vuln/detail/CVE-2023-29644"",""reference"":""Update to patched version to mitigate CVE-2023-29644"",""title"":""Apply security patch""}]}"	CrowdstrikeFalcon_instance_1	CrowdstrikeFalcon	34.147.67.188	https://crowdstrike-simul-s36v5crh7q-ew.a.run.app	34.147.67.188	https://crowdstrike-simul-s36v5crh7q-ew.a.run.app
Jul 22 2026 12:05:57	Jul 22 2026 12:05:57	Jun 05 2026 08:36:39	Jul 19 2026 00:39:59	2daf122c-a8a0-409c-b223-e37ab92afae4	ov7lg19d/Nm2MLRNmQhZOg==:1:742:957	b4d7e28e271e3ee2b1a6b1f1620e99d3	abc123def456abc123def456abc123de	"{""actors"":[""Muddled Libra"",""APT28""],""base_score"":0.5,""cisa_info"":{""due_date"":"""",""is_cisa_kev"":false},""description"":""A vulnerability in a software component allows a remote attacker to execute arbitrary code by sending a specially crafted request. Successful exploitation could lead to full system compromise."",""exploit_status"":48,""exploitability_score"":6.0,""exprt_rating"":""NONE"",""id"":""CVE-2024-25966"",""impact_score"":7.5,""name"":""Remote Code Execution in Park, Lang and Butler Product"",""published_date"":""2026-05-26T22:11:37Z"",""remediation_level"":""U"",""severity"":""UNKNOWN"",""spotlight_published_date"":""2026-02-21T14:28:17Z"",""vector"":""CVSS:3.1/AV:N/AC:L/PR:N/UI:N/S:U/C:H/I:H/A:H"",""vendor_advisory"":""https://vendor.example.com/security/advisories/CVE-2024-25966""}"		"[{""evaluation_logic"":{""id"":""f1cdc4c7-6476-4ce0-8e4d-72a33247df6c""},""product_name_version"":""SHIT v3.8.9"",""remediation"":{""ids"":[""f7c2e89f-4272-4532-97f0-970cbb2357f1""]},""sub_status"":""open""}]"	open	CrowdStrike	Falcon_Spotlight_Vulnerabilities			"{""groups"":[],""hostname"":""BSNS-MAC-BOB"",""instance_id"":""i-7ade9d2813d448b79"",""local_ip"":""192.168.1.7"",""machine_domain"":""BUSINESS"",""os_build"":""22631"",""os_version"":""Windows Server 2022"",""ou"":""Corporate/Endpoints"",""platform"":""Windows"",""platform_name"":""Windows"",""product_type_desc"":""Server"",""service_provider"":""AWS_EC2_V2"",""service_provider_account_id"":""432142552613"",""site_name"":""Default"",""system_manufacturer"":""VMware, Inc."",""tags"":[]}"		"{""entities"":[{""action"":""Patch"",""id"":""2c2550f3-677a-404d-b689-e4490be53e80"",""link"":""https://nvd.nist.gov/vuln/detail/CVE-2024-25966"",""reference"":""Update to patched version to mitigate CVE-2024-25966"",""title"":""Apply security patch""}]}"	CrowdstrikeFalcon_instance_1	CrowdstrikeFalcon	34.147.67.188	https://crowdstrike-simul-s36v5crh7q-ew.a.run.app	34.147.67.188	https://crowdstrike-simul-s36v5crh7q-ew.a.run.app
Jul 22 2026 12:06:00	Jul 22 2026 12:06:00	May 30 2026 23:11:05	Jul 17 2026 07:50:48	ecfe1351-1155-4bd9-840c-8e6ac807eb51	EBYQhpVcqmCD7RV5v4GDfg==:3:742:957	addc3e13ab3b4d37560c95ee638c254c	abc123def456abc123def456abc123de	"{""actors"":[""Wizard Spider""],""base_score"":9.3,""cisa_info"":{""due_date"":"""",""is_cisa_kev"":false},""description"":""A vulnerability in a software component allows a remote attacker to execute arbitrary code by sending a specially crafted request. Successful exploitation could lead to full system compromise."",""exploit_status"":32,""exploitability_score"":8.3,""exprt_rating"":""LOW"",""id"":""CVE-2023-15064"",""impact_score"":3.5,""name"":""Remote Code Execution in Hernandez-West Product"",""published_date"":""2025-08-05T04:57:21Z"",""remediation_level"":""W"",""severity"":""LOW"",""spotlight_published_date"":""2026-03-21T02:19:22Z"",""vector"":""CVSS:3.1/AV:N/AC:L/PR:N/UI:N/S:U/C:H/I:H/A:H"",""vendor_advisory"":""https://vendor.example.com/security/advisories/CVE-2023-15064""}"		"[{""evaluation_logic"":{""id"":""eb7c66cf-f930-46e8-af36-6f268033dda4""},""product_name_version"":""TcQu v2.3.8"",""remediation"":{""ids"":[""5a5c60f0-e733-4eba-b542-c9b89df1c366""]},""sub_status"":""open""}]"	open	CrowdStrike	Falcon_Spotlight_Vulnerabilities			"{""groups"":[{""id"":""23b8c1e9392456de"",""name"":""Windows Workstations""},{""id"":""17fc695a07a0ca6e"",""name"":""Linux Servers""},{""id"":""8fadc1a606cb0fb3"",""name"":""Executive Endpoints""}],""hostname"":""BSNS-WIN-DAVID"",""instance_id"":"""",""local_ip"":""192.168.1.8"",""machine_domain"":""BUSINESS"",""os_build"":""6.1.0-15-amd64"",""os_version"":""Amazon Linux 2"",""ou"":""Cloud/AKS"",""platform"":""Linux"",""platform_name"":""Linux"",""product_type_desc"":""Server"",""service_provider"":""On-Prem"",""service_provider_account_id"":"""",""site_name"":""Default"",""system_manufacturer"":""VMware, Inc."",""tags"":[]}"		"{""entities"":[{""action"":""Patch"",""id"":""cc2e3312-2491-45a5-926a-96fb72557749"",""link"":""https://nvd.nist.gov/vuln/detail/CVE-2023-15064"",""reference"":""Update to patched version to mitigate CVE-2023-15064"",""title"":""Apply security patch""}]}"	CrowdstrikeFalcon_instance_1	CrowdstrikeFalcon	34.147.67.188	https://crowdstrike-simul-s36v5crh7q-ew.a.run.app	34.147.67.188	https://crowdstrike-simul-s36v5crh7q-ew.a.run.app
Jul 22 2026 12:05:59	Jul 22 2026 12:05:59	Jun 30 2026 07:07:28	Jul 19 2026 23:02:25	1d0b61bc-49cc-4ef9-a1a3-c2f776360b15	kgQ5vvzcEYLbGNiAZKuhzg==:0:742:957	610faa3ff0bbac67aa38d0a16ba25efe	abc123def456abc123def456abc123de	"{""actors"":[],""base_score"":5.4,""cisa_info"":{""due_date"":"""",""is_cisa_kev"":false},""description"":""A vulnerability in a software component allows a remote attacker to execute arbitrary code by sending a specially crafted request. Successful exploitation could lead to full system compromise."",""exploit_status"":22,""exploitability_score"":9.4,""exprt_rating"":""HIGH"",""id"":""CVE-2024-95253"",""impact_score"":3.5,""name"":""Remote Code Execution in Johnson LLC Product"",""published_date"":""2025-09-12T00:27:03Z"",""remediation_level"":""O"",""severity"":""CRITICAL"",""spotlight_published_date"":""2026-03-18T03:37:33Z"",""vector"":""CVSS:3.1/AV:N/AC:L/PR:N/UI:N/S:U/C:H/I:H/A:H"",""vendor_advisory"":""https://vendor.example.com/security/advisories/CVE-2024-95253""}"		"[{""evaluation_logic"":{""id"":""8b067006-e9bb-41d3-995c-6815343f24f1""},""product_name_version"":""lFSP v1.4.6"",""remediation"":{""ids"":[""34674a65-2de5-4b0a-bb19-de8f3c54754e""]},""sub_status"":""open""}]"	reopen	CrowdStrike	Falcon_Spotlight_Vulnerabilities			"{""groups"":[{""id"":""23b8c1e9392456de"",""name"":""Windows Workstations""}],""hostname"":""BSNS-MOB-FLORA"",""instance_id"":""i-ff58b09a44cf479d9"",""local_ip"":""192.168.1.10"",""machine_domain"":""BUSINESS"",""os_build"":""4.14.336-256.h539"",""os_version"":""Amazon Linux 2"",""ou"":""Cloud/AKS"",""platform"":""Linux"",""platform_name"":""Linux"",""product_type_desc"":""Server"",""service_provider"":""Azure"",""service_provider_account_id"":""829326155336"",""site_name"":""Default"",""system_manufacturer"":""Dell Inc."",""tags"":[]}"		"{""entities"":[{""action"":""Patch"",""id"":""bfa30b12-e2e7-4589-b7e6-b47e4f6a27f3"",""link"":""https://nvd.nist.gov/vuln/detail/CVE-2024-95253"",""reference"":""Update to patched version to mitigate CVE-2024-95253"",""title"":""Apply security patch""}]}"	CrowdstrikeFalcon_instance_1	CrowdstrikeFalcon	34.147.67.188	https://crowdstrike-simul-s36v5crh7q-ew.a.run.app	34.147.67.188	https://crowdstrike-simul-s36v5crh7q-ew.a.run.app
Jul 22 2026 12:05:59	Jul 22 2026 12:05:59	May 25 2026 21:36:00	Jul 17 2026 19:13:18	ad56c545-1f7b-414b-9cbd-051d0ed35997	7yXdTlXypqIx3hzOROn47w==:3:742:957	0e51f30dc6a7ee39c4b032ccd7c524a5	abc123def456abc123def456abc123de	"{""actors"":[""APT28"",""APT41""],""base_score"":3.8,""cisa_info"":{""due_date"":"""",""is_cisa_kev"":false},""description"":""A vulnerability in a software component allows a remote attacker to execute arbitrary code by sending a specially crafted request. Successful exploitation could lead to full system compromise."",""exploit_status"":27,""exploitability_score"":6.1,""exprt_rating"":""UNKNOWN"",""id"":""CVE-2022-50710"",""impact_score"":8.1,""name"":""Remote Code Execution in Cherry, Wallace and Spencer Product"",""published_date"":""2026-03-15T12:08:05Z"",""remediation_level"":""O"",""severity"":""HIGH"",""spotlight_published_date"":""2026-05-03T03:32:16Z"",""vector"":""CVSS:3.1/AV:N/AC:H/PR:N/UI:R/S:U/C:H/I:H/A:H"",""vendor_advisory"":""https://vendor.example.com/security/advisories/CVE-2022-50710""}"		"[{""evaluation_logic"":{""id"":""95d23407-7ad7-4b8e-8510-19ee9e8ec8e5""},""product_name_version"":""DMVt v1.6.4"",""remediation"":{""ids"":[""afb1f3ad-41ea-485e-95cc-2aa4778c6e54""]},""sub_status"":""open""}]"	reopen	CrowdStrike	Falcon_Spotlight_Vulnerabilities			"{""groups"":[{""id"":""1c80317fa3b1799d"",""name"":""Executive Endpoints""},{""id"":""23b8c1e9392456de"",""name"":""Windows Workstations""}],""hostname"":""BSNS-MAC-BOB"",""instance_id"":""i-f5df1cc459f6488b8"",""local_ip"":""192.168.1.7"",""machine_domain"":""BUSINESS"",""os_build"":""22000"",""os_version"":""Windows Server 2019"",""ou"":""Corporate/Servers"",""platform"":""Windows"",""platform_name"":""Windows"",""product_type_desc"":""Domain Controller"",""service_provider"":""AWS_EC2_V2"",""service_provider_account_id"":""146897401666"",""site_name"":""Default"",""system_manufacturer"":""Dell Inc."",""tags"":[]}"		"{""entities"":[{""action"":""Patch"",""id"":""d8effb35-c8de-45e4-9cff-d843309ee7a3"",""link"":""https://nvd.nist.gov/vuln/detail/CVE-2022-50710"",""reference"":""Update to patched version to mitigate CVE-2022-50710"",""title"":""Apply security patch""}]}"	CrowdstrikeFalcon_instance_1	CrowdstrikeFalcon	34.147.67.188	https://crowdstrike-simul-s36v5crh7q-ew.a.run.app	34.147.67.188	https://crowdstrike-simul-s36v5crh7q-ew.a.run.app
Jul 22 2026 12:05:59	Jul 22 2026 12:05:59	Jun 20 2026 13:04:42	Jul 16 2026 23:20:04	d44f402b-7a5a-4b18-be79-157e98a96738	gThCbk3AaiW48aBG6Q/MvQ==:5:742:957	a0a04dc427209bdf1c11f735dc713d96	abc123def456abc123def456abc123de	"{""actors"":[""APT41"",""Wizard Spider""],""base_score"":9.3,""cisa_info"":{""due_date"":"""",""is_cisa_kev"":false},""description"":""A vulnerability in a software component allows a remote attacker to execute arbitrary code by sending a specially crafted request. Successful exploitation could lead to full system compromise."",""exploit_status"":35,""exploitability_score"":3.1,""exprt_rating"":""LOW"",""id"":""CVE-2024-22542"",""impact_score"":9.6,""name"":""Remote Code Execution in Edwards, Perry and King Product"",""published_date"":""2025-08-13T22:56:50Z"",""remediation_level"":""U"",""severity"":""NONE"",""spotlight_published_date"":""2026-06-15T19:59:31Z"",""vector"":""CVSS:3.1/AV:N/AC:H/PR:N/UI:R/S:U/C:H/I:H/A:H"",""vendor_advisory"":""https://vendor.example.com/security/advisories/CVE-2024-22542""}"		"[{""evaluation_logic"":{""id"":""a7afd906-ebfa-40ce-b277-de5c6ea25ff5""},""product_name_version"":""ZtBQ v1.4.8"",""remediation"":{""ids"":[""7a574eea-4a4d-4808-9c0b-897163192de2""]},""sub_status"":""open""}]"	reopen	CrowdStrike	Falcon_Spotlight_Vulnerabilities			"{""groups"":[{""id"":""1c80317fa3b1799d"",""name"":""Executive Endpoints""},{""id"":""8b9d2434e465e150"",""name"":""Engineering""},{""id"":""17fc695a07a0ca6e"",""name"":""Linux Servers""}],""hostname"":""BSNS-MAC-BOB"",""instance_id"":""i-2955e3a5b1964665a"",""local_ip"":""192.168.1.10"",""machine_domain"":""BUSINESS"",""os_build"":""5.15.0-88-generic"",""os_version"":""CentOS 7"",""ou"":""Cloud/AKS"",""platform"":""Linux"",""platform_name"":""Linux"",""product_type_desc"":""Workstation"",""service_provider"":""Azure"",""service_provider_account_id"":""302655677251"",""site_name"":""Default"",""system_manufacturer"":""HP Inc."",""tags"":[]}"		"{""entities"":[{""action"":""Patch"",""id"":""41f613e0-7816-4d12-8be7-203b65ef93ef"",""link"":""https://nvd.nist.gov/vuln/detail/CVE-2024-22542"",""reference"":""Update to patched version to mitigate CVE-2024-22542"",""title"":""Apply security patch""}]}"	CrowdstrikeFalcon_instance_1	CrowdstrikeFalcon	34.147.67.188	https://crowdstrike-simul-s36v5crh7q-ew.a.run.app	34.147.67.188	https://crowdstrike-simul-s36v5crh7q-ew.a.run.app
Jul 22 2026 12:05:59	Jul 22 2026 12:05:59	Jun 19 2026 12:38:10	Jul 19 2026 11:23:47	0b0d99de-53db-40ee-9754-6e666556054f	7yXdTlXypqIx3hzOROn47w==:0:742:957	3ff350bf766ecb15474ebc192ef91276	abc123def456abc123def456abc123de	"{""actors"":[],""base_score"":4.1,""cisa_info"":{""due_date"":"""",""is_cisa_kev"":false},""description"":""A vulnerability in a software component allows a remote attacker to execute arbitrary code by sending a specially crafted request. Successful exploitation could lead to full system compromise."",""exploit_status"":35,""exploitability_score"":9.4,""exprt_rating"":""HIGH"",""id"":""CVE-2019-14133"",""impact_score"":4.7,""name"":""Remote Code Execution in Hernandez LLC Product"",""published_date"":""2026-01-16T00:38:05Z"",""remediation_level"":""U"",""severity"":""HIGH"",""spotlight_published_date"":""2026-05-01T14:19:11Z"",""vector"":""CVSS:3.1/AV:L/AC:H/PR:L/UI:N/S:U/C:H/I:H/A:H"",""vendor_advisory"":""https://vendor.example.com/security/advisories/CVE-2019-14133""}"		"[{""evaluation_logic"":{""id"":""86f08a8b-b705-45ad-be33-9b29e04872ac""},""product_name_version"":""oExs v4.2.4"",""remediation"":{""ids"":[""7c5ccc4a-e6b2-434f-97a5-7364b2099871""]},""sub_status"":""open""}]"	open	CrowdStrike	Falcon_Spotlight_Vulnerabilities			"{""groups"":[{""id"":""1c80317fa3b1799d"",""name"":""Executive Endpoints""},{""id"":""8b9d2434e465e150"",""name"":""Engineering""}],""hostname"":""BSNS-WIN-ALICE"",""instance_id"":""i-00742958a0914e128"",""local_ip"":""192.168.1.1"",""machine_domain"":""BUSINESS"",""os_build"":""22G120"",""os_version"":""macOS 13.6"",""ou"":""Cloud/EKS"",""platform"":""Mac"",""platform_name"":""Mac"",""product_type_desc"":""Server"",""service_provider"":""Azure"",""service_provider_account_id"":""321837374500"",""site_name"":""Default"",""system_manufacturer"":""Dell Inc."",""tags"":[]}"		"{""entities"":[{""action"":""Patch"",""id"":""b639814f-487f-4d9d-9177-be12fdbd38b3"",""link"":""https://nvd.nist.gov/vuln/detail/CVE-2019-14133"",""reference"":""Update to patched version to mitigate CVE-2019-14133"",""title"":""Apply security patch""}]}"	CrowdstrikeFalcon_instance_1	CrowdstrikeFalcon	34.147.67.188	https://crowdstrike-simul-s36v5crh7q-ew.a.run.app	34.147.67.188	https://crowdstrike-simul-s36v5crh7q-ew.a.run.app
Jul 22 2026 12:05:57	Jul 22 2026 12:05:57	Jun 22 2026 16:15:40	Jul 16 2026 12:51:25	a83266cc-a76e-4cb6-b5ea-d3e77ddcbbad	ov7lg19d/Nm2MLRNmQhZOg==:3:742:957	d777a4774c66e0a8a013ac6ededa4e16	abc123def456abc123def456abc123de	"{""actors"":[""Fancy Bear""],""base_score"":7.8,""cisa_info"":{""due_date"":"""",""is_cisa_kev"":false},""description"":""A vulnerability in a software component allows a remote attacker to execute arbitrary code by sending a specially crafted request. Successful exploitation could lead to full system compromise."",""exploit_status"":5,""exploitability_score"":5.0,""exprt_rating"":""CRITICAL"",""id"":""CVE-2022-94280"",""impact_score"":9.5,""name"":""Remote Code Execution in Dunlap, Johnson and Rojas Product"",""published_date"":""2026-06-05T17:12:51Z"",""remediation_level"":""W"",""severity"":""UNKNOWN"",""spotlight_published_date"":""2026-07-19T04:29:52Z"",""vector"":""CVSS:3.1/AV:N/AC:L/PR:N/UI:N/S:U/C:H/I:H/A:H"",""vendor_advisory"":""https://vendor.example.com/security/advisories/CVE-2022-94280""}"		"[{""evaluation_logic"":{""id"":""ce100179-0bfa-4e15-a7bd-638a842b726c""},""product_name_version"":""qFFo v7.1.1"",""remediation"":{""ids"":[""fd207602-3dc3-4382-be5a-7a182ab3dcb5""]},""sub_status"":""open""}]"	open	CrowdStrike	Falcon_Spotlight_Vulnerabilities			"{""groups"":[{""id"":""1c80317fa3b1799d"",""name"":""Executive Endpoints""},{""id"":""23b8c1e9392456de"",""name"":""Windows Workstations""},{""id"":""8b9d2434e465e150"",""name"":""Engineering""}],""hostname"":""BSNS-MOB-FLORA"",""instance_id"":""i-fe21e1ac09944954a"",""local_ip"":""192.168.1.4"",""machine_domain"":""BUSINESS"",""os_build"":""5.15.0-88-generic"",""os_version"":""Ubuntu 22.04"",""ou"":""Corporate/Servers"",""platform"":""Linux"",""platform_name"":""Linux"",""product_type_desc"":""Server"",""service_provider"":""Google_Cloud_Compute_Engine"",""service_provider_account_id"":""195058393769"",""site_name"":""Default"",""system_manufacturer"":""HP Inc."",""tags"":[]}"		"{""entities"":[{""action"":""Patch"",""id"":""1ed2ddda-8c38-43fe-8bb1-d08730485586"",""link"":""https://nvd.nist.gov/vuln/detail/CVE-2022-94280"",""reference"":""Update to patched version to mitigate CVE-2022-94280"",""title"":""Apply security patch""}]}"	CrowdstrikeFalcon_instance_1	CrowdstrikeFalcon	34.147.67.188	https://crowdstrike-simul-s36v5crh7q-ew.a.run.app	34.147.67.188	https://crowdstrike-simul-s36v5crh7q-ew.a.run.app
